Asset,Model,Model Family,Feature Set,Input Type,Feature Type,Strategy Mode,Cumulative Return no_cost,Cumulative Return with_cost,Number of Trades no_cost,Number of Trades with_cost,Test Avg Return no_cost,Test Avg Return with_cost,Test Sharpe no_cost,Test Sharpe with_cost,Turnover no_cost,Turnover with_cost,Sharpe Cost Drag,Avg Return Cost Drag,Cumulative Return Cost Drag
BTC,GRU,ML,candle_extended,candle,extended,long_only,0.28337415220206275,0.16198658579816616,284.0,284.0,0.001368852197450246,0.001108642773366477,0.1332989661783601,0.10401929333595515,284.0,284.0,0.029279672842404944,0.00026020942408376915,0.12138756640389659
BTC,GRU,ML,candle_extended,candle,extended,long_short,0.31138055255520913,0.16267541787951956,344.0,344.0,0.001270623810981625,0.0010006686540309526,0.13386140195261076,0.10091907642383617,344.0,344.0,0.03294232552877459,0.0002699551569506724,0.14870513467568958
BTC,GRU,ML,candle_extended,candle,extended,short_only,0.11278729148528233,-0.19074563099543473,910.0,910.0,0.0001740060615012797,-6.728181728659914e-05,0.034791647781140654,-0.015750669258460588,910.0,910.0,0.05054231703960124,0.00024128787878787883,0.30353292248071706
BTC,GRU,ML,candle_raw,candle,raw,long_only,-0.09901109043120382,-0.14334993947156183,144.0,144.0,-0.0011184678802980798,-0.0014048315166617158,-0.09807916412265659,-0.12009501778018707,144.0,144.0,0.022015853657530476,0.00028636363636363603,0.04433884904035801
BTC,GRU,ML,candle_raw,candle,raw,long_short,-0.0023174595344716,-0.616747042568168,2732.0,2732.0,1.238410370732473e-05,-5.115507291950128e-05,-6.10798990678338e-05,-0.010057556249063924,2731.0,2731.0,0.00999647634999609,6.353917662682601e-05,0.6144295830336964
BTC,GRU,ML,candle_raw,candle,raw,short_only,-0.0023174595344716,-0.616747042568168,2732.0,2732.0,1.238410370732473e-05,-5.115507291950128e-05,-6.10798990678338e-05,-0.010057556249063924,2731.0,2731.0,0.00999647634999609,6.353917662682601e-05,0.6144295830336964
BTC,GRU,ML,ohlc_extended,ohlc,extended,long_only,0.07174827262793348,0.0407118837404401,84.0,84.0,0.0014329037000551813,0.0011329037000551816,0.24402509661124233,0.19068194856159362,84.0,84.0,0.05334314804964871,0.0002999999999999997,0.031036388887493382
BTC,GRU,ML,ohlc_extended,ohlc,extended,long_short,0.09337256800669391,0.007393784003483006,234.0,234.0,0.0005342969768411068,0.0002975917745289681,0.08963002865906466,0.047461153598489576,234.0,234.0,0.04216887506057509,0.0002367052023121387,0.0859787840032109
BTC,GRU,ML,ohlc_extended,ohlc,extended,short_only,0.00561591247945703,-0.22168546330972805,732.0,732.0,1.9761562028163744e-05,-0.00013569960302037997,0.0013402474941744704,-0.027526689530503717,732.0,732.0,0.02886693702467819,0.0001554611650485437,0.22730137578918508
BTC,GRU,ML,ohlc_raw,ohlc,raw,long_only,0.3528711308488557,0.09348389777413701,608.0,608.0,0.0005649301184401955,0.00037793539084792855,0.0756214180294312,0.04624658208418012,608.0,608.0,0.02937483594525108,0.00018699472759226699,0.25938723307471867
BTC,GRU,ML,ohlc_raw,ohlc,raw,long_short,0.21680065786258673,-0.3529693461059463,1712.0,1712.0,4.648426588697936e-05,-1.0223150575938293e-05,0.006560416283407948,-0.004259173353773378,1804.0,1804.0,0.010819589637181326,5.670741646291766e-05,0.5697700039685331
BTC,GRU,ML,ohlc_raw,ohlc,raw,short_only,-0.08428373034115622,-0.39837706906623904,1200.0,1200.0,-3.2494319118003203e-06,-4.093787412285562e-05,-0.0030171623957901254,-0.00922549445782946,1200.0,1200.0,0.006208332062039336,3.76884422110553e-05,0.3140933387250828
BTC,LightGBM,ML,candle_extended,candle,extended,long_only,0.2676972346078079,0.16726070257557923,236.0,236.0,0.0017873143800284856,0.0014813884541025595,0.260703747465242,0.2108313800398815,236.0,236.0,0.0498723674253605,0.00030592592592592607,0.10043653203222869
BTC,LightGBM,ML,candle_extended,candle,extended,long_short,0.37698613462575503,0.05688844376570601,754.0,754.0,0.0007576575132816876,0.0004504981599329579,0.14261030781149026,0.07766836891712367,756.0,756.0,0.06494193889436659,0.00030715935334872966,0.320097690860049
BTC,LightGBM,ML,candle_extended,candle,extended,short_only,0.3695336695668816,-0.4914180675790949,2830.0,2830.0,0.00015313482357833788,-6.629362125994296e-05,0.03116371512931869,-0.013943374235773976,2830.0,2830.0,0.04510708936509267,0.00021942844483828082,0.8609517371459765
BTC,LightGBM,ML,candle_raw,candle,raw,long_only,0.5268855870425604,-0.43476543319449223,2839.0,2839.0,0.00023061783834608674,-1.9130905372506165e-05,0.044218718336673006,-0.005965224544199037,2839.0,2839.0,0.050183942880872044,0.0002497487437185929,0.9616510202370526
BTC,LightGBM,ML,candle_raw,candle,raw,long_short,0.3639089077585911,-0.5919176752585978,3344.0,3344.0,0.00015172519725677533,-0.00012569345784083845,0.027015895914456793,-0.02080193343197528,3447.0,3447.0,0.04781782934643207,0.0002774186550976138,0.9558265830171889
BTC,LightGBM,ML,candle_raw,candle,raw,short_only,-0.1010501183448449,-0.8152632487617484,4520.0,4520.0,-6.114420823938776e-06,-0.00015130531656549527,-0.003577045608088639,-0.02096294973010735,4520.0,4520.0,0.017385904122018712,0.0001451908957415565,0.7142131304169035
BTC,LightGBM,ML,ohlc_extended,ohlc,extended,long_only,0.09371264325182449,0.009134093060115811,230.0,230.0,0.0006817077263232127,0.0003857518439702717,0.10143438614082509,0.05477584814316138,230.0,230.0,0.04665853799766371,0.00029595588235294096,0.08457855019170868
BTC,LightGBM,ML,ohlc_extended,ohlc,extended,long_short,0.20057132393066457,-0.09707467607794362,810.0,810.0,0.00036804686314649673,9.034416044379414e-05,0.0704011386753776,0.013929964085889134,814.0,814.0,0.05647117458948847,0.00027770270270270256,0.2976460000086082
BTC,LightGBM,ML,ohlc_extended,ohlc,extended,short_only,0.10340519043135443,-0.5605452642237259,2630.0,2630.0,5.539343691803511e-05,-0.00013315633776447196,0.007719510716558241,-0.02266511397073416,2630.0,2630.0,0.030384624687292403,0.00018854977468250707,0.6639504546550803
BTC,LightGBM,ML,ohlc_raw,ohlc,raw,long_only,0.0018302583018092733,-0.08596939326143238,262.0,262.0,1.7716899972519974e-05,-0.00021621167145605138,0.0022787260961882948,-0.05353278067983424,262.0,262.0,0.055811506776022535,0.00023392857142857135,0.08779965156324165
BTC,LightGBM,ML,ohlc_raw,ohlc,raw,long_short,0.021401889022485188,-0.23669143023130934,830.0,830.0,5.2477152312018696e-05,-0.00021304008906729155,0.007330252533660183,-0.04022512910571098,832.0,832.0,0.04755538163937116,0.00026551724137931026,0.25809331925379453
BTC,LightGBM,ML,ohlc_raw,ohlc,raw,short_only,-0.018968373439001818,-0.28110330431604813,888.0,888.0,-1.9089476838309323e-05,-0.0003011221447148972,-0.0061488872754934636,-0.05184655165397671,888.0,888.0,0.045697664378483244,0.0002820326678765879,0.2621349308770463
BTC,Logistic Regression,ML,candle_extended,candle,extended,long_only,0.35109713428661693,0.16234543220519915,430.0,430.0,0.0012504316913984352,0.0009494316913984354,0.14600950911035113,0.1051164033421502,430.0,430.0,0.04089310576820093,0.00030099999999999984,0.18875170208141778
BTC,Logistic Regression,ML,candle_extended,candle,extended,long_short,0.4304250855558247,0.16439116820914834,586.0,586.0,0.0010766369694125485,0.0007772150040946294,0.13633954987069494,0.09162991647462236,588.0,588.0,0.044709633396072576,0.00029942196531791904,0.26603391734667636
BTC,Logistic Regression,ML,candle_extended,candle,extended,short_only,0.13085840634341706,-0.09164061364350096,626.0,626.0,0.0003262979425658246,4.9656528424410694e-05,0.0588760546821271,0.006099217173672506,626.0,626.0,0.0527768375084546,0.0002766414141414139,0.222499019986918
BTC,Logistic Regression,ML,candle_raw,candle,raw,long_only,0.5527632402309208,0.04121041906901213,1142.0,1142.0,0.0006524551896306982,0.0003748857451862539,0.08462145156521728,0.04157488200625698,1142.0,1142.0,0.043046569558960295,0.0002775694444444443,0.5115528211619087
BTC,Logistic Regression,ML,candle_raw,candle,raw,long_short,1.355879815554581,-0.054985599164122934,2606.0,2606.0,0.0004048956931965491,0.00020199489603091582,0.08436799058630642,0.030497864326788027,2610.0,2610.0,0.0538701262595184,0.00020290079716563328,1.410865414718704
BTC,Logistic Regression,ML,candle_raw,candle,raw,short_only,0.2513875463927644,-0.061459669039493625,822.0,822.0,0.0003482387521148792,0.00013449432418025813,0.06815035467821523,0.022725092550461116,822.0,822.0,0.045425262127754114,0.00021374442793462104,0.312847215432258
BTC,Logistic Regression,ML,ohlc_extended,ohlc,extended,long_only,0.12733695759969188,0.09164308888800954,92.0,92.0,0.0020323455422853235,0.0017640122089519902,0.2603944482483775,0.22358504103355972,92.0,92.0,0.03680940721481776,0.0002683333333333333,0.03569386871168234
BTC,Logistic Regression,ML,ohlc_extended,ohlc,extended,long_short,0.19284767691237903,0.12634283992634554,164.0,164.0,0.0016649603734643626,0.0013992196327236221,0.22656788619009477,0.18683806029920808,164.0,164.0,0.039729825890886694,0.00026574074074074043,0.06650483698603349
BTC,Logistic Regression,ML,ohlc_extended,ohlc,extended,short_only,-0.10815254229831983,-0.6539040381884125,2704.0,2704.0,-1.0637884361913707e-05,-0.00010740680051733289,-0.004380468910698984,-0.01799276527888373,2704.0,2704.0,0.013612296368184746,9.676891615541918e-05,0.5457514958900926
BTC,Logistic Regression,ML,ohlc_raw,ohlc,raw,long_only,0.14180980809143784,0.07510744382946744,172.0,172.0,0.001150625689805895,0.0009018653592273826,0.112483146631932,0.08553486327187752,172.0,172.0,0.026948283360054476,0.0002487603305785125,0.0667023642619704
BTC,Logistic Regression,ML,ohlc_raw,ohlc,raw,long_short,0.19177259576367223,0.01591131318214667,456.0,456.0,0.0004741628211592487,0.00027761109702131767,0.051573463275957,0.02692819202475466,456.0,456.0,0.02464527125120234,0.00019655172413793104,0.17586128258152556
BTC,Logistic Regression,ML,ohlc_raw,ohlc,raw,short_only,-0.25621684217724316,-0.6660370820537437,2287.0,2287.0,-3.288704637553044e-05,-9.168293477494306e-05,-0.008180377437557935,-0.016000865775401357,2287.0,2287.0,0.007820488337843422,5.879588839941262e-05,0.4098202398765005
BTC,RSI,Rule,rule_based,rule,rule,long_only,1.2736399230282598,0.1672392172410504,1905.0,1905.0,0.0002065835343981282,0.00012915781480667046,0.05245804932082886,0.025906518481391166,1905.0,1905.0,0.026551530839437697,7.742571959145774e-05,1.1064007057872094
BTC,RSI,Rule,rule_based,rule,rule,long_short,0.17728313576660915,-0.693162068040257,2998.0,2998.0,3.189892640128408e-05,-6.911956310043951e-05,0.0034005029147428562,-0.010590715838405923,3839.0,3839.0,0.01399121875314878,0.0001010184895017236,0.8704452038068662
BTC,RSI,Rule,rule_based,rule,rule,short_only,-0.4822033498608709,-0.7370924370065829,1935.0,1935.0,-0.00011103389244969495,-0.00017538337013250598,-0.017340016495977773,-0.022682683822577356,1934.0,1934.0,0.005342667326599583,6.434947768281103e-05,0.254889087145712
BTC,SMA,Rule,rule_based,rule,rule,long_only,0.017476913260334292,0.011102160773192926,18.0,18.0,0.0001679670632115506,0.00014214739108040303,0.019816859478525486,0.016245865189870957,18.0,18.0,0.0035709942886545283,2.5819672131147564e-05,0.006374752487141366
BTC,SMA,Rule,rule_based,rule,rule,long_short,-0.18703914868714278,-0.20391585817436708,60.0,60.0,-0.000506463859570871,-0.0005343893914857646,-0.052961598647041766,-0.05541144173960652,60.0,60.0,0.0024498430925647546,2.7925531914893575e-05,0.016876709487224306
BTC,SMA,Rule,rule_based,rule,rule,short_only,-0.201003147375738,-0.21265706601114887,42.0,42.0,-0.0008304031216947113,-0.0008593401295687269,-0.07706518614668793,-0.07935134154784945,42.0,42.0,0.0022861554011615187,2.8937007874015605e-05,0.011653918635410876
BTC,XGBoost,ML,candle_extended,candle,extended,long_only,0.6531699163889793,-0.5075716573683196,3460.0,3460.0,0.00020034505975537135,-2.1044336953952144e-05,0.04157503956375579,-0.006216280633264316,3460.0,3460.0,0.04779132019702011,0.0002213893967093235,1.1607415737572988
BTC,XGBoost,ML,candle_extended,candle,extended,long_short,0.21507915533471467,-0.8815490931543599,5750.0,5750.0,5.255601223134296e-05,-0.00022948671140016566,0.0073966723879348465,-0.024833267846955033,6650.0,6650.0,0.03222994023488988,0.0002820427236315086,1.0966282484890746
BTC,XGBoost,ML,candle_extended,candle,extended,short_only,-0.27098835885298167,-0.781076301543561,3436.0,3436.0,-0.00010432901118397196,-0.00033012698339576307,-0.018999012185993567,-0.04204062445546861,3436.0,3436.0,0.023041612269475046,0.00022579797221179113,0.5100879426905793
BTC,XGBoost,ML,candle_raw,candle,raw,long_only,0.5240951833774483,-0.21346994205104286,1890.0,1890.0,0.0003730203327582431,9.390640870761028e-05,0.07504295540564632,0.013580767254398364,1890.0,1890.0,0.06146218815124795,0.00027911392405063283,0.7375651254284912
BTC,XGBoost,ML,candle_raw,candle,raw,long_short,-0.11487895415852944,-0.8290967843622734,4324.0,4324.0,-2.303768916299031e-05,-0.0003255932447185458,-0.006508750516202339,-0.037322614352980885,4698.0,4698.0,0.030813863836778546,0.00030255555555555553,0.714217830203744
BTC,XGBoost,ML,candle_raw,candle,raw,short_only,-0.4010636240674359,-0.8419753358593274,3806.0,3806.0,-0.00015630069305548445,-0.00037928361906820626,-0.02428145754217603,-0.041922498858744196,3806.0,3806.0,0.017641041316568167,0.0002229829260127218,0.4409117117918915
BTC,XGBoost,ML,ohlc_extended,ohlc,extended,long_only,0.43838405914426715,-0.1224984177290317,1412.0,1412.0,0.0003950982427215118,0.00013982964768018957,0.0724227433945358,0.02040046787208232,1412.0,1412.0,0.05202227552245348,0.0002552685950413222,0.5608824768732988
BTC,XGBoost,ML,ohlc_extended,ohlc,extended,long_short,0.5383109899797578,-0.70374769395509,4428.0,4428.0,0.000125263877908233,-0.00010994685006111558,0.02488570381951156,-0.017915566175277446,4706.0,4706.0,0.042801269994789004,0.00023521072796934859,1.2420586839348478
BTC,XGBoost,ML,ohlc_extended,ohlc,extended,short_only,0.14427892815147558,-0.5931189425697339,2954.0,2954.0,6.937865422216583e-05,-0.00014162134577783405,0.010982306571638964,-0.024183001700764387,2954.0,2954.0,0.03516530827240335,0.00021099999999999987,0.7373978707212094
BTC,XGBoost,ML,ohlc_raw,ohlc,raw,long_only,0.5513799937383215,-0.46770914022370835,3056.0,3056.0,0.000189674115077833,-2.3818898894222804e-05,0.04105210786681893,-0.00678877377726103,3056.0,3056.0,0.04784088164407996,0.0002134930139720558,1.0190891339620298
BTC,XGBoost,ML,ohlc_raw,ohlc,raw,long_short,0.7714803780103336,-0.7356194784930757,4844.0,4844.0,0.00014543840772143497,-0.00011809756677765425,0.03179162619614617,-0.018251481087510655,5434.0,5434.0,0.050043107283656824,0.00026353597449908924,1.5070998565034093
BTC,XGBoost,ML,ohlc_raw,ohlc,raw,short_only,0.043273976525763036,-0.553135031648079,2422.0,2422.0,3.685728049782659e-05,-0.00016740777974313725,0.00363254021125993,-0.026609780869148402,2422.0,2422.0,0.030242321080408332,0.00020426506024096383,0.596409008173842
ETH,GRU,ML,candle_extended,candle,extended,long_only,0.0357842226277143,0.022111574899210007,38.0,38.0,0.0013316534735039259,0.0010853571772076295,0.17169066355981358,0.13930490733666284,38.0,38.0,0.032385756223150736,0.0002462962962962963,0.013672647728504295
ETH,GRU,ML,candle_extended,candle,extended,long_short,-0.07334013251635574,-0.35612435870303905,1040.0,1040.0,-5.93602448558336e-05,-0.000242643225721896,-0.012656449216670024,-0.03925344536625961,1040.0,1040.0,0.02659699614958959,0.0001832829808660624,0.2827842261866833
ETH,GRU,ML,candle_extended,candle,extended,short_only,-0.02838518510998156,-0.08707905364524893,178.0,178.0,-0.0002323760476969926,-0.0004963590985444502,-0.049785747501425046,-0.10233052700498513,178.0,178.0,0.05254477950356008,0.0002639830508474576,0.05869386853526737
ETH,GRU,ML,candle_raw,candle,raw,long_only,1.928510723199654,0.3455508825797198,2222.0,2222.0,0.000371245717202321,0.0002470124903652604,0.0825144596882531,0.04214908099376907,2222.0,2222.0,0.04036537869448403,0.0001242332268370606,1.5829598406199343
ETH,GRU,ML,candle_raw,candle,raw,long_short,2.097042691112856,0.5824163702038536,1816.0,1816.0,0.00014692128150450306,0.00010568765947474512,0.03560684828061066,0.01928090773072379,1918.0,1918.0,0.016325940549886873,4.123362202975793e-05,1.5146263209090023
ETH,GRU,ML,candle_raw,candle,raw,short_only,0.2395034803878604,-0.11921477404805036,975.0,975.0,0.00015758953786274902,4.2804591626189905e-05,0.031178507429400905,0.005835561701278127,974.0,974.0,0.025342945728122776,0.00011478494623655912,0.35871825443591077
ETH,GRU,ML,ohlc_extended,ohlc,extended,long_only,0.01468445302778476,-0.13204262023115498,446.0,446.0,9.162256825832665e-05,-0.00014276181612605767,0.004528745488884489,-0.01894818012443008,446.0,446.0,0.02347692561331457,0.00023438438438438432,0.14672707325893974
ETH,GRU,ML,ohlc_extended,ohlc,extended,long_short,0.04032929554033071,-0.11568809310552874,464.0,464.0,0.00016239902059574302,-7.502787998905211e-05,0.012247176455541757,-0.012386588217140835,464.0,464.0,0.024633764672682593,0.00023742690058479513,0.15601738864585946
ETH,GRU,ML,ohlc_extended,ohlc,extended,short_only,0.003907752093835981,-0.04210153377359982,134.0,134.0,7.679288311315977e-05,-0.00024009900877873205,0.0075805499751146685,-0.03750632190809043,134.0,134.0,0.0450868718832051,0.0003168918918918918,0.0460092858674358
ETH,GRU,ML,ohlc_raw,ohlc,raw,long_only,0.558833909705043,0.2595276511116642,609.0,609.0,0.00025635953786256054,0.00020382508904366297,0.03166513193063601,0.022711862875409956,609.0,609.0,0.008953269055226056,5.253444881889757e-05,0.2993062585933788
ETH,GRU,ML,ohlc_raw,ohlc,raw,long_short,1.4839293109172282,0.15724073989192178,1965.0,1965.0,0.00016541166442427847,9.41032532093252e-05,0.033609118472634605,0.012938832006572127,2182.0,2182.0,0.020670286466062476,7.130841121495327e-05,1.3266885710253065
ETH,GRU,ML,ohlc_raw,ohlc,raw,short_only,0.08424856409322823,-0.26844100085421574,1124.0,1124.0,6.362748252936388e-05,-2.6726215219832195e-05,0.005316712146215366,-0.006901514304574261,1124.0,1124.0,0.012218226450789627,9.035369774919608e-05,0.35268956494744397
ETH,LightGBM,ML,candle_extended,candle,extended,long_only,0.166798228732552,-0.03143832575511951,532.0,532.0,0.0005512658619895046,0.00025094328134434344,0.05207639277577946,0.019684775142528022,532.0,532.0,0.032391617633251435,0.0003003225806451612,0.19823655448767152
ETH,LightGBM,ML,candle_extended,candle,extended,long_short,0.20019751104937544,-0.06713194064985872,719.0,719.0,0.00048463636806350837,0.0001726610594215331,0.060174437355936576,0.017377328824727062,720.0,720.0,0.042797108531209514,0.0003119753086419753,0.26732945169923417
ETH,LightGBM,ML,candle_extended,candle,extended,short_only,0.09733913188618337,-0.12777590433863562,656.0,656.0,0.0002673877292093772,-4.121442132825716e-05,0.043949708429160385,-0.009786013039222259,656.0,656.0,0.053735721468382645,0.00030860215053763433,0.225115036224819
ETH,LightGBM,ML,candle_raw,candle,raw,long_only,0.25518544990267267,0.12303619532748056,318.0,318.0,0.0013789175177393988,0.0010515645765629283,0.16421287784311525,0.12053461742496772,318.0,318.0,0.04367826041814753,0.00032735294117647046,0.1321492545751921
ETH,LightGBM,ML,candle_raw,candle,raw,long_short,0.35135196730595886,0.13287812029897306,502.0,502.0,0.0011660690840101867,0.0008318585576943974,0.1603378819729126,0.10785330448394691,504.0,504.0,0.05248457748896569,0.0003342105263157893,0.2184738470069858
ETH,LightGBM,ML,candle_raw,candle,raw,short_only,0.17616440352319973,-0.18387399033237217,1044.0,1044.0,0.00028250620205405314,-1.408470703685584e-05,0.04619855239651755,-0.00530276928386256,1044.0,1044.0,0.05150132168038011,0.000296590909090909,0.3600383938555719
ETH,LightGBM,ML,ohlc_extended,ohlc,extended,long_only,0.17578933041247669,0.07282613849567876,262.0,262.0,0.0011416915365995357,0.0008420183339851568,0.08978734008557648,0.06297398145320514,262.0,262.0,0.026813358632371345,0.0002996732026143788,0.10296319191679792
ETH,LightGBM,ML,ohlc_extended,ohlc,extended,long_short,0.2644833048169888,0.0434832160187526,547.0,547.0,0.0007514698067227092,0.00046378434678205665,0.07522928938826859,0.0420377574850553,549.0,549.0,0.033191531903213285,0.00028768545994065255,0.22100008879823618
ETH,LightGBM,ML,ohlc_extended,ohlc,extended,short_only,0.028498660111540453,-0.14562275692656745,530.0,530.0,0.00010817551702957272,-0.00016704703489921045,0.01199236961717833,-0.026395314823652795,530.0,530.0,0.03838768444083113,0.00027522255192878316,0.1741214170381079
ETH,LightGBM,ML,ohlc_raw,ohlc,raw,long_only,0.08858021970687413,0.014296421341835952,202.0,202.0,0.0007018712411389556,0.0004256993661389556,0.07805073463895379,0.04480627892086986,202.0,202.0,0.03324445571808393,0.00027617187499999994,0.07428379836503818
ETH,LightGBM,ML,ohlc_raw,ohlc,raw,long_short,0.2223863428216417,-0.06116275922579595,749.0,749.0,0.00043128219667983454,0.0001622681121727923,0.060366766058401425,0.018822697809042385,754.0,754.0,0.04154406824935904,0.00026901408450704224,0.28354910204743766
ETH,LightGBM,ML,ohlc_raw,ohlc,raw,short_only,0.1616519948059083,-0.20597766883177326,1087.0,1087.0,0.00018955727474766928,-2.5583968190183806e-05,0.028648429922988508,-0.007042343705702812,1087.0,1087.0,0.035690773628691316,0.0002151412429378531,0.36762966363768157
ETH,Logistic Regression,ML,candle_extended,candle,extended,long_only,0.08227281789039598,-0.09090780364058326,498.0,498.0,0.00034218521907005155,2.6424349504834375e-05,0.0284207046838934,-0.0027958584820268893,498.0,498.0,0.031216563165920287,0.0003157608695652172,0.17318062153097924
ETH,Logistic Regression,ML,candle_extended,candle,extended,long_short,0.1284735879875849,-0.060016361352262626,521.0,521.0,0.0004722939086245088,0.00015499287056222526,0.04304446056179221,0.009881148763283004,522.0,522.0,0.033163311798509204,0.00031730103806228355,0.18848994933984753
ETH,Logistic Regression,ML,candle_extended,candle,extended,short_only,0.17196497401941113,-0.08079045350045433,694.0,694.0,0.00037714685555398624,0.00010845216528849964,0.05269389819012409,0.011611312856357463,694.0,694.0,0.04108258533376663,0.0002686946902654866,0.25275542751986546
ETH,Logistic Regression,ML,candle_raw,candle,raw,long_only,-0.10294852470943594,-0.4188970699449094,1240.0,1240.0,-8.390763733305674e-05,-0.0003531384065638259,-0.012703988768334925,-0.03427742838825392,1240.0,1240.0,0.021573439619918998,0.00026923076923076917,0.31594854523547344
ETH,Logistic Regression,ML,candle_raw,candle,raw,long_short,-0.2792065464926313,-0.706145206751372,2470.0,2470.0,-8.030512277748796e-05,-0.0002482806899677148,-0.011841201519377979,-0.023517460405092904,2563.0,2563.0,0.011676258885714925,0.00016797556719022686,0.4269386602587407
ETH,Logistic Regression,ML,candle_raw,candle,raw,short_only,-0.5642389168869179,-0.819973016120836,2525.0,2525.0,-8.491957707418257e-05,-0.00014019655594125772,-0.011468849948917099,-0.014630014329679992,2525.0,2525.0,0.0031611643807628927,5.5276978867075156e-05,0.2557340992339181
ETH,Logistic Regression,ML,ohlc_extended,ohlc,extended,long_only,0.5569964837009374,0.03381239898701094,1170.0,1170.0,0.0005405101029128266,0.0003104539231375457,0.06769176472143511,0.03264469516447863,1170.0,1170.0,0.035047069556956474,0.0002300561797752809,0.5231840847139264
ETH,Logistic Regression,ML,ohlc_extended,ohlc,extended,long_short,0.23491196449567564,-0.4646555695204019,2385.0,2385.0,9.637122711103429e-05,-5.93143916180627e-05,0.014616448732121607,-0.011685139934765415,2388.0,2388.0,0.026301588666887022,0.00015568561872909698,0.6995675340160775
ETH,Logistic Regression,ML,ohlc_extended,ohlc,extended,short_only,0.05004029182708036,-0.07362618893945216,358.0,358.0,0.00025376188205723457,-5.485880759793782e-05,0.04787789150021576,-0.013129640462486505,358.0,358.0,0.06100753196270227,0.0003086206896551724,0.12366648076653253
ETH,Logistic Regression,ML,ohlc_raw,ohlc,raw,long_only,0.812520612911311,0.19340188885929188,1194.0,1194.0,0.0004858006444359652,0.0003331709877522545,0.05872778032967254,0.034017351256260826,1194.0,1194.0,0.024710429073411713,0.0001526296566837107,0.6191187240520191
ETH,Logistic Regression,ML,ohlc_raw,ohlc,raw,long_short,0.11185015762667239,-0.4144808469175344,1832.0,1832.0,5.3428870704070805e-05,-6.55321682569681e-05,0.007837078460340742,-0.013530513695598602,1832.0,1832.0,0.021367592155939343,0.0001189610389610389,0.5263310045442068
ETH,Logistic Regression,ML,ohlc_raw,ohlc,raw,short_only,0.021246993379957058,-0.4561495094439699,1800.0,1800.0,1.9970466870429788e-05,-9.765462648281887e-05,0.001611920875431318,-0.019317424360986383,1800.0,1800.0,0.0209293452364177,0.00011762509335324866,0.477396502823927
ETH,RSI,Rule,rule_based,rule,rule,long_only,0.24358742612658002,-0.3530666161738445,1867.0,1867.0,6.838103299034895e-05,1.103815455876848e-06,0.0073299029106793446,-0.0031048829612205686,1867.0,1867.0,0.010434785871899914,6.72772175344721e-05,0.5966540423004245
ETH,RSI,Rule,rule_based,rule,rule,long_short,-0.29025994700721824,-0.8072175903349047,2442.0,2442.0,-1.1828109496241063e-05,-0.00011881604958571782,-0.004314307606352594,-0.011349538910442339,3723.0,3723.0,0.007035231304089745,0.00010698794008947676,0.5169576433276865
ETH,RSI,Rule,rule_based,rule,rule,short_only,-0.4292801309487212,-0.7019657304955049,1856.0,1856.0,-8.369538283984074e-05,-0.0001435884309681829,-0.012633005497648366,-0.01729257730676518,1856.0,1856.0,0.004659571809116813,5.989304812834216e-05,0.27268559954678373
ETH,SMA,Rule,rule_based,rule,rule,long_only,0.1265160191731376,0.1062070323715607,52.0,52.0,0.00012678371724071804,0.00011907185283393837,0.014929029280195356,0.013727913857118116,52.0,52.0,0.0012011154230772408,7.71186440677967e-06,0.02030898680157689
ETH,SMA,Rule,rule_based,rule,rule,long_short,-0.1867641133208333,-0.19637982877419158,34.0,34.0,-0.000711698966552571,-0.0007344959014184716,-0.056467739426305216,-0.057940285917725765,34.0,34.0,0.0014725464914205483,2.279693486590057e-05,0.009615715453358264
ETH,SMA,Rule,rule_based,rule,rule,short_only,-0.18454939395051295,-0.1936266661104581,32.0,32.0,-0.000751618871857312,-0.0007745696915294434,-0.05821289737348894,-0.05966430526753298,32.0,32.0,0.001451407894044042,2.2950819672131373e-05,0.009077272159945138
ETH,XGBoost,ML,candle_extended,candle,extended,long_only,1.110729516628934,-0.42613503196635094,3721.0,3721.0,0.0002704361331364972,5.475732518947746e-05,0.054218749600704316,0.004904896194039188,3721.0,3721.0,0.04931385340666513,0.00021567880794701974,1.5368645485952848
ETH,XGBoost,ML,candle_extended,candle,extended,long_short,0.5809460026746449,-0.8074702010704953,5404.0,5404.0,0.0001237810535827004,-0.00015546277357779333,0.01899394479051919,-0.01812692681405048,6015.0,6015.0,0.03712087160456967,0.00027924382716049373,1.3884162037451402
ETH,XGBoost,ML,candle_extended,candle,extended,short_only,-0.19923870546457634,-0.42901910915490604,966.0,966.0,-0.00036606399516110133,-0.0006652675349841103,-0.04833749144663531,-0.07861608416424905,966.0,966.0,0.03027859271761374,0.00029920353982300894,0.2297804036903297
ETH,XGBoost,ML,candle_raw,candle,raw,long_only,0.033255989152072285,-0.35227016761246865,1334.0,1334.0,6.892737931608448e-05,-0.0002236164803330382,0.005570015999758179,-0.03045253374508506,1334.0,1334.0,0.03602254974484324,0.0002925438596491227,0.38552615676454094
ETH,XGBoost,ML,candle_raw,candle,raw,long_short,0.058041621810138944,-0.6181263632446898,2771.0,2771.0,5.404206025948421e-05,-0.0002633443033768794,0.004973033108204447,-0.0338032109141513,2911.0,2911.0,0.03877624402235575,0.0003173863636363636,0.6761679850548288
ETH,XGBoost,ML,candle_raw,candle,raw,short_only,0.023548629894294404,-0.4123378686644533,1585.0,1585.0,4.1113801009057935e-05,-0.0002462050395706521,0.004180824216977171,-0.039822016003745964,1585.0,1585.0,0.044002840220723136,0.00028731884057971,0.4358864985587477
ETH,XGBoost,ML,ohlc_extended,ohlc,extended,long_only,0.40237643823013514,-0.18023440011701852,1534.0,1534.0,0.00034615800144766735,0.00010122187006080613,0.04246988059496169,0.0076260852608962156,1534.0,1534.0,0.03484379533406548,0.0002449361313868612,0.5826108383471537
ETH,XGBoost,ML,ohlc_extended,ohlc,extended,long_short,0.03003639946536718,-0.6672354426945839,3107.0,3107.0,4.224542188735102e-05,-0.00023277722304018518,0.001798896791206522,-0.02629372058139497,3228.0,3228.0,0.02809261737260149,0.0002750226449275362,0.6972718421599511
ETH,XGBoost,ML,ohlc_extended,ohlc,extended,short_only,-0.2768505101766813,-0.6031303806347059,1714.0,1714.0,-0.0002683130844785568,-0.0005351725150835391,-0.03919091681962146,-0.06583366398649429,1714.0,1714.0,0.02664274716687283,0.00026685943060498227,0.32627987045802465
ETH,XGBoost,ML,ohlc_raw,ohlc,raw,long_only,0.43752467886529955,-0.7070813005512112,4544.0,4544.0,8.349908150205988e-05,-4.9744886326358285e-05,0.010877938248814818,-0.008722600084176729,4544.0,4544.0,0.019600538332991545,0.00013324396782841817,1.1446059794165109
ETH,XGBoost,ML,ohlc_raw,ohlc,raw,long_short,0.3424470637970858,-0.7985934692614826,4925.0,4925.0,8.153329205734369e-05,-0.00013766139128902063,0.009660435245732455,-0.01586882423027209,5419.0,5419.0,0.025529259476004547,0.00021919468334636433,1.1410405330585682
ETH,XGBoost,ML,ohlc_raw,ohlc,raw,short_only,0.23757681969042,-0.17511132646205152,1159.0,1159.0,0.0003048989915587344,3.708896517351032e-05,0.04547153785807248,0.0019580563734805725,1159.0,1159.0,0.04351348148459191,0.00026781002638522403,0.4126881461524715
SOL,GRU,ML,candle_extended,candle,extended,long_only,1.202377335503391,1.00403059794096,270.0,270.0,0.0032294498320504035,0.0030470173996179706,0.24576604114928716,0.2250331212612984,270.0,270.0,0.020732919887988754,0.0001824324324324329,0.19834673756243104
SOL,GRU,ML,candle_extended,candle,extended,long_short,1.8502754982361922,1.5010067427907385,374.0,374.0,0.0028927010398782094,0.002721813311418679,0.27396054593972213,0.24733813309613467,374.0,374.0,0.026622412843587462,0.00017088772845953032,0.34926875544545366
SOL,GRU,ML,candle_extended,candle,extended,short_only,0.1113790556931995,-0.4591491181789791,2056.0,2056.0,6.336631767820541e-05,-1.08914142805574e-05,0.0025218944026760897,-0.005089827648546615,2055.0,2055.0,0.0076117220512227045,7.425773195876281e-05,0.5705281738721786
SOL,GRU,ML,candle_raw,candle,raw,long_only,0.20303470503863186,-0.09084955489437097,800.0,800.0,0.0003508501100675357,0.00016318254974581994,0.018886589175692938,0.00425802440829975,800.0,800.0,0.014628564767393187,0.00018766756032171576,0.2938842599330028
SOL,GRU,ML,candle_raw,candle,raw,long_short,0.2571248947931766,-0.7273131949995102,2973.0,2973.0,7.60996703493143e-05,-7.540172207107554e-05,0.003163203740659331,-0.007875719041833781,4365.0,4365.0,0.011038922782493112,0.00015150139242038984,0.9844380897926868
SOL,GRU,ML,candle_raw,candle,raw,short_only,-0.48862959921308013,-0.7397395208841723,1929.0,1929.0,-8.342644452866321e-05,-0.0001468298610858248,-0.009959988135837674,-0.0129455810257828,1929.0,1929.0,0.0029855928899451267,6.34034165571616e-05,0.25110992167109214
SOL,GRU,ML,ohlc_extended,ohlc,extended,long_only,0.8521397539668616,0.5387393495674753,530.0,530.0,0.0015589216195635953,0.0013427211533631291,0.12706695105007632,0.10265810247596663,530.0,530.0,0.024408848574109687,0.0002162004662004662,0.3134004043993863
SOL,GRU,ML,ohlc_extended,ohlc,extended,long_short,1.3095964111626146,0.688127748550422,893.0,893.0,0.0013326509928294945,0.0010994899883981799,0.13965779957477903,0.10373487620943417,896.0,896.0,0.03592292336534486,0.00023316100443131465,0.6214686626121926
SOL,GRU,ML,ohlc_extended,ohlc,extended,short_only,-0.3921539882578249,-0.6539552917345958,1608.0,1608.0,-4.226651215570976e-05,-9.119843296154505e-05,-0.007256501261403436,-0.01001744611799548,1607.0,1607.0,0.002760944856592045,4.893192080583529e-05,0.2618013034767709
SOL,GRU,ML,ohlc_raw,ohlc,raw,long_only,0.801783532258245,0.12639307254975907,1342.0,1342.0,0.0001921548872051614,0.00013914134318710275,0.016622578544795662,0.008802959763550458,1342.0,1342.0,0.007819618781245204,5.301354401805866e-05,0.6753904597084859
SOL,GRU,ML,ohlc_raw,ohlc,raw,long_short,1.299517064971211,-0.04942025874140543,1636.0,1636.0,0.00014348471996960874,5.9134602217001405e-05,0.014556574863199378,0.0009355179117082846,2523.0,2523.0,0.013621056951491094,8.435011775260732e-05,1.3489373237126163
SOL,GRU,ML,ohlc_raw,ohlc,raw,short_only,-0.4911017199981188,-0.6997438663016469,1507.0,1507.0,-6.975409912110876e-05,-0.00011288911056275639,-0.00891138136014088,-0.011052646066269439,1507.0,1507.0,0.0021412647061285588,4.3135011441647623e-05,0.20864214630352806
SOL,LightGBM,ML,candle_extended,candle,extended,long_only,0.7161888131987288,0.45297001399208026,476.0,476.0,0.0020205489496240114,0.001724107668485221,0.18204375526214192,0.14716087062711297,476.0,476.0,0.03488288463502895,0.00029644128113879035,0.2632187992066486
SOL,LightGBM,ML,candle_extended,candle,extended,long_short,-0.04448650442897395,-0.7637032693777542,3977.0,3977.0,3.822283709950884e-05,-0.0001334043890532112,-0.0010932988359861138,-0.012955279102103092,3991.0,3991.0,0.011861980266116979,0.00017162722615272002,0.7192167649487803
SOL,LightGBM,ML,candle_extended,candle,extended,short_only,-0.08725368123396626,-0.7677038408323179,3909.0,3909.0,2.4504254012594363e-05,-0.00014423803945226379,-0.0022215391821035135,-0.013736940627800948,3909.0,3909.0,0.011515401445697435,0.00016874229346485815,0.6804501595983516
SOL,LightGBM,ML,candle_raw,candle,raw,long_only,0.6654682513985812,0.055250906014479684,1304.0,1304.0,0.000659387412972555,0.0003964841871661035,0.06380692066378257,0.03124535686315645,1304.0,1304.0,0.03256156380062612,0.00026290322580645154,0.6102173453841016
SOL,LightGBM,ML,candle_raw,candle,raw,long_short,0.7945156326862794,0.06610606773799854,1477.0,1477.0,0.0006707736976689486,0.00039891155775125306,0.06928322839970141,0.0329637637412295,1488.0,1488.0,0.03631946465847191,0.00027186213991769553,0.7284095649482809
SOL,LightGBM,ML,candle_raw,candle,raw,short_only,-0.8660460460278998,-0.9636534929754145,3724.0,3724.0,-0.0003061661292146448,-0.00042086269913548907,-0.015656532695800075,-0.016810013183986467,3723.0,3723.0,0.0011534804881863925,0.00011469656992084426,0.09760744694751466
SOL,LightGBM,ML,ohlc_extended,ohlc,extended,long_only,0.7843455764499863,0.5384384232266932,424.0,424.0,0.002191274921926418,0.0019234048858253346,0.2001042110056005,0.1675733952860308,424.0,424.0,0.0325308157195697,0.0002678700361010834,0.24590715322329304
SOL,LightGBM,ML,ohlc_extended,ohlc,extended,long_short,1.508667898642552,0.8042728807839159,939.0,939.0,0.0015150454775579416,0.0012570361462982214,0.18082255123567856,0.13480421858408018,942.0,942.0,0.04601833265159838,0.0002580093312597202,0.704395017858636
SOL,LightGBM,ML,ohlc_extended,ohlc,extended,short_only,0.5345430839654941,-0.24595449753148024,2030.0,2030.0,0.00033327557384742017,9.421097088645127e-05,0.037901574605517845,0.005369594165003838,2030.0,2030.0,0.03253198044051401,0.0002390646029609689,0.7804975814969743
SOL,LightGBM,ML,ohlc_raw,ohlc,raw,long_only,0.5463824416279293,-0.1374676321676528,1668.0,1668.0,0.00038581312010277927,0.00016732509615068362,0.03743865729213945,0.010618599315019784,1668.0,1668.0,0.026820057977119668,0.00021848802395209565,0.683850073795582
SOL,LightGBM,ML,ohlc_raw,ohlc,raw,long_short,0.7820360318408568,-0.06342599367926938,1829.0,1829.0,0.00046043674497550023,0.0002344103009949855,0.050320676188557664,0.01852625502060528,1838.0,1838.0,0.031794421167952384,0.00022602644398051473,0.8454620255201262
SOL,LightGBM,ML,ohlc_raw,ohlc,raw,short_only,0.28687852569530436,-0.13408511174179993,1132.0,1132.0,0.000342690485400498,0.00010963166187108627,0.03504885060577726,0.006801987045426232,1132.0,1132.0,0.02824686356035103,0.00023305882352941173,0.4209636374371043
SOL,Logistic Regression,ML,candle_extended,candle,extended,long_only,0.8505357414429655,0.711229409902763,224.0,224.0,0.00467372945748501,0.004389671486470517,0.3026795658820266,0.2773564622242683,224.0,224.0,0.025323103657758306,0.00028405797101449266,0.13930633154020255
SOL,Logistic Regression,ML,candle_extended,candle,extended,long_short,0.9267430216202348,0.2740597492237973,1179.0,1179.0,0.0006661277064725635,0.0004746912423841657,0.07648044968642571,0.04665630718894981,1182.0,1182.0,0.029824142497475906,0.00019143646408839777,0.6526832723964375
SOL,Logistic Regression,ML,candle_extended,candle,extended,short_only,0.04118119875806703,-0.25546301122005677,958.0,958.0,8.27426414517644e-05,-9.410335010941694e-05,0.00485752947106692,-0.014100197632585588,958.0,958.0,0.018957727103652507,0.00017684599156118133,0.2966442099781238
SOL,Logistic Regression,ML,candle_raw,candle,raw,long_only,1.5752816904536227,0.9196936302472911,840.0,840.0,0.0015321507397052223,0.0013077232587891917,0.18164404435746592,0.14117245763326863,840.0,840.0,0.04047158672419729,0.00022442748091603066,0.6555880602063315
SOL,Logistic Regression,ML,candle_raw,candle,raw,long_short,2.389507824010683,1.0624393982195999,1407.0,1407.0,0.0010472118627033965,0.0008439588506552038,0.16620017783453309,0.11356995560217072,1420.0,1420.0,0.05263022223236237,0.00020325301204819266,1.327068425791083
SOL,Logistic Regression,ML,candle_raw,candle,raw,short_only,-0.6369063787341379,-0.7492226558443531,1057.0,1057.0,-6.980321625628624e-05,-9.130228731991839e-05,-0.007563389722612858,-0.00829191820452423,1057.0,1057.0,0.0007285284819113719,2.1499071063632144e-05,0.11231627711021519
SOL,Logistic Regression,ML,ohlc_extended,ohlc,extended,long_only,1.0813058581186308,0.8338431457133366,362.0,362.0,0.002754304379005306,0.0025288595391476545,0.22678714711508385,0.19998484045857068,362.0,362.0,0.026802306656513175,0.0002254448398576513,0.24746271240529416
SOL,Logistic Regression,ML,ohlc_extended,ohlc,extended,long_short,1.5914051479870421,0.8940853375958404,896.0,896.0,0.0013083932739496556,0.0011050210301104862,0.17079270047729597,0.13046508258268089,896.0,896.0,0.040327617894615087,0.0002033722438391694,0.6973198103912017
SOL,Logistic Regression,ML,ohlc_extended,ohlc,extended,short_only,0.24508617408568556,0.032850242412131525,534.0,534.0,0.0004792075177850895,0.0002884932320708038,0.06289662324534938,0.0344056067812728,534.0,534.0,0.028491016464076577,0.0001907142857142857,0.21223593167355403
SOL,Logistic Regression,ML,ohlc_raw,ohlc,raw,long_only,0.8567525972354075,0.44827803564594615,710.0,710.0,0.0014172887039598815,0.0011578941319348296,0.11288967106337583,0.08427320255320782,710.0,710.0,0.02861646851016801,0.0002593945720250519,0.4084745615894614
SOL,Logistic Regression,ML,ohlc_raw,ohlc,raw,long_short,1.0726201456045237,-0.03134056456678658,2132.0,2132.0,0.0004297965156447621,0.00022979651564476223,0.049366863440493555,0.018240509070675696,2173.0,2173.0,0.03112635436981786,0.00019999999999999987,1.1039607101713103
SOL,Logistic Regression,ML,ohlc_raw,ohlc,raw,short_only,-0.264490488226545,-0.6864431622725262,2435.0,2435.0,-2.074238516599768e-05,-0.00011056539401555522,-0.00595158461486401,-0.011693766775322878,2435.0,2435.0,0.005742182160458869,8.982300884955753e-05,0.42195267404598125
SOL,RSI,Rule,rule_based,rule,rule,long_only,1.2378085637761957,0.2517231300507661,1659.0,1659.0,0.0002548248963208517,0.00018314959407560128,0.028873503108653192,0.01569200591505004,1659.0,1659.0,0.013181497193603151,7.167530224525041e-05,0.9860854337254297
SOL,RSI,Rule,rule_based,rule,rule,long_short,0.09433386699958923,-0.6555525873617212,2595.0,2595.0,6.239839090679942e-05,-3.585673057962266e-05,0.0011068680083329617,-0.00610587400253087,3301.0,3301.0,0.007212742010863832,9.825512148642208e-05,0.7498864543613104
SOL,RSI,Rule,rule_based,rule,rule,short_only,-0.5109796768527199,-0.7247704906056589,1642.0,1642.0,-0.00011717900408356532,-0.0001833429460591582,-0.012087571785689642,-0.014977991376077438,1642.0,1642.0,0.002890419590387796,6.616394197559287e-05,0.21379081375293896
SOL,SMA,Rule,rule_based,rule,rule,long_only,0.12512207010071474,0.12043944662390649,12.0,12.0,0.001604774051120926,0.0015785240511209258,0.09612664689091657,0.0944628434724497,12.0,12.0,0.0016638034184668776,2.625000000000023e-05,0.004682623476808256
SOL,SMA,Rule,rule_based,rule,rule,long_short,0.03425414324937881,0.02925236408618881,14.0,14.0,0.0005769646441376448,0.0005500415672145679,0.0184292298551812,0.01712130486780509,14.0,14.0,0.00130792498737611,2.6923076923076944e-05,0.005001779163190001
SOL,SMA,Rule,rule_based,rule,rule,short_only,-0.30138764400711915,-0.30869882088589673,30.0,30.0,-0.0015243004405265646,-0.001549785877419769,-0.07071934754282806,-0.07157311110642572,30.0,30.0,0.000853763563597662,2.5485436893204344e-05,0.007311176878777581
SOL,XGBoost,ML,candle_extended,candle,extended,long_only,0.5275845378530075,0.013600049997416486,1172.0,1172.0,0.0006204774462672723,0.00035752872831855447,0.054395860687809335,0.025195696996662808,1172.0,1172.0,0.029200163691146527,0.00026294871794871783,0.513984487855591
SOL,XGBoost,ML,candle_extended,candle,extended,long_short,0.4123282616625692,-0.6194602066593319,3529.0,3529.0,0.00019462572243946372,-8.956231174857035e-05,0.014561093841881126,-0.011314598010263932,3746.0,3746.0,0.02587569185214506,0.0002841880341880341,1.031788468321901
SOL,XGBoost,ML,candle_extended,candle,extended,short_only,-0.06456076351757134,-0.6465478842010997,2780.0,2780.0,1.8092298132505088e-05,-0.00022443013456938912,-0.0031758834184731316,-0.020899651799201772,2780.0,2780.0,0.01772376838072864,0.0002425224327018942,0.5819871206835283
SOL,XGBoost,ML,candle_raw,candle,raw,long_only,-0.1395844575187548,-0.36464665227265225,866.0,866.0,-0.00024373494207229334,-0.0005420617137258365,-0.026861835728240507,-0.05013065235714528,866.0,866.0,0.023268816628904777,0.00029832677165354316,0.22506219475389744
SOL,XGBoost,ML,candle_raw,candle,raw,long_short,-0.23041354076703202,-0.6928963230439481,2538.0,2538.0,-0.00011033715755153662,-0.0004204132031789128,-0.013829576711077742,-0.031706757198626714,2624.0,2624.0,0.017877180487548973,0.0003100760456273762,0.4624827822769161
SOL,XGBoost,ML,candle_raw,candle,raw,short_only,-0.07979151738465673,-0.5037292990934565,1764.0,1764.0,-2.0191529684607546e-05,-0.00030762169728237263,-0.0069349414904106505,-0.02819244088782769,1764.0,1764.0,0.02125749939741704,0.00028743016759776507,0.4239377817087998
SOL,XGBoost,ML,ohlc_extended,ohlc,extended,long_only,0.3868682601449378,-0.01723149417451697,984.0,984.0,0.000585174119272383,0.0003214681468374674,0.045466021362341735,0.01967353905498668,984.0,984.0,0.025792482307355057,0.0002637059724349156,0.4040997543194548
SOL,XGBoost,ML,ohlc_extended,ohlc,extended,long_short,0.20461028649383195,-0.446962465383845,2156.0,2156.0,0.00019366958180762583,-9.595173656544562e-05,0.012743254846756273,-0.012641515765104316,2224.0,2224.0,0.02538477061186059,0.00028962131837307145,0.6515727518776769
SOL,XGBoost,ML,ohlc_extended,ohlc,extended,short_only,-0.16624665944250916,-0.4628605203828935,1256.0,1256.0,-0.000185326183556504,-0.00046676024245535157,-0.021865092714174226,-0.04353629783510831,1256.0,1256.0,0.021671205120934085,0.0002814340588988476,0.29661386094038433
SOL,XGBoost,ML,ohlc_raw,ohlc,raw,long_only,0.3207829048744564,-0.4384499542788458,2443.0,2443.0,0.0001972914773395305,-1.9155891081522018e-05,0.015241188566056673,-0.006598797680936949,2443.0,2443.0,0.021839986246993622,0.00021644736842105252,0.7592328591533022
SOL,XGBoost,ML,ohlc_raw,ohlc,raw,long_short,0.44728251065652525,-0.606351648106144,3479.0,3479.0,0.0001884163383635189,-7.361574719797831e-05,0.014959919627802519,-0.010234552993821235,3719.0,3719.0,0.025194472621623755,0.0002620320855614972,1.0536341587626692
SOL,XGBoost,ML,ohlc_raw,ohlc,raw,short_only,0.10665740904598908,-0.29445585051668044,1286.0,1286.0,0.00017831731468297656,-8.959935198368986e-05,0.011808860000110909,-0.012885441558693084,1286.0,1286.0,0.02469430155880399,0.0002679166666666664,0.4011132595626695
XRP,GRU,ML,candle_extended,candle,extended,long_only,1.247621606296053,0.5220125612385869,1114.0,1114.0,0.0007914117262998214,0.0006160969780983828,0.10037331386169131,0.06834888797050137,1114.0,1114.0,0.03202442589118994,0.0001753147482014386,0.7256090450574662
XRP,GRU,ML,candle_extended,candle,extended,long_short,1.314676421231376,0.5596892818594059,1124.0,1124.0,0.0008137391667898466,0.0006362391667898466,0.10393997416076665,0.07092245849124985,1128.0,1128.0,0.0330175156695168,0.00017750000000000003,0.75498713937197
XRP,GRU,ML,candle_extended,candle,extended,short_only,-0.17700629902264753,-0.2219323413446157,160.0,160.0,-0.001594851428333412,-0.0018590023717296375,-0.07606014927258725,-0.08574923745230102,160.0,160.0,0.00968908817971377,0.0002641509433962256,0.044926042321968174
XRP,GRU,ML,candle_raw,candle,raw,long_only,0.248713892561377,0.1089577941237565,339.0,339.0,0.0007863212740166913,0.0006076425953380125,0.0489794245573472,0.03474024333258762,339.0,339.0,0.014239181224759576,0.00017867867867867873,0.1397560984376205
XRP,GRU,ML,candle_raw,candle,raw,long_short,-0.9186009324199083,-0.9476770910842888,1260.0,1260.0,-0.00032592678551960757,-0.000359365938958761,-0.013532815712636934,-0.013769401465726265,1260.0,1260.0,0.00023658575308933144,3.3439153439153435e-05,0.029076158664380514
XRP,GRU,ML,candle_raw,candle,raw,short_only,-0.9070560938100225,-0.9401679000828068,1257.0,1257.0,-0.0003072125917129188,-0.0003405030801447954,-0.013511123671552432,-0.01378450038301561,1256.0,1256.0,0.0002733767114631788,3.32904884318766e-05,0.03311180627278432
XRP,GRU,ML,ohlc_extended,ohlc,extended,long_only,0.3079507844752394,-0.015742275708050535,812.0,812.0,0.00040667691690097346,0.00022237082092172573,0.03733916646736842,0.01629364758221432,812.0,812.0,0.021045518885154102,0.00018430609597924774,0.3236930601832899
XRP,GRU,ML,ohlc_extended,ohlc,extended,long_short,0.2763380202300414,-0.051569687576291545,848.0,848.0,0.0003653666144064724,0.00017799287703273523,0.03294811542584926,0.011927192219043389,848.0,848.0,0.021020923206805868,0.0001873737373737372,0.32790770780633294
XRP,GRU,ML,ohlc_extended,ohlc,extended,short_only,0.07131728066998333,-0.005287439977414543,212.0,212.0,0.0005858976779380482,0.00028427166167788545,0.08092724167986622,0.03668247161696244,212.0,212.0,0.044244770062903775,0.00030162601626016275,0.07660472064739787
XRP,GRU,ML,ohlc_raw,ohlc,raw,long_only,0.5598093085051228,0.1666351379828559,830.0,830.0,0.0002914157660769576,0.00020944624011758967,0.03511373905791648,0.021903054284438735,830.0,830.0,0.013210684773477747,8.196952595936795e-05,0.3931741705222669
XRP,GRU,ML,ohlc_raw,ohlc,raw,long_short,0.5598093085051228,0.1666351379828559,830.0,830.0,0.0002914157660769576,0.00020944624011758967,0.03511373905791648,0.021903054284438735,830.0,830.0,0.013210684773477747,8.196952595936795e-05,0.3931741705222669
XRP,GRU,ML,ohlc_raw,ohlc,raw,short_only,-0.8062901824961436,-0.8534394111819235,796.0,796.0,-0.00013031863647920596,-0.00014488827654180375,-0.009331919990502272,-0.009625072519088378,795.0,795.0,0.0002931525285861068,1.4569640062597788e-05,0.047149228685779865
XRP,LightGBM,ML,candle_extended,candle,extended,long_only,0.6120957723807197,0.4536294962011016,296.0,296.0,0.002820760434510602,0.0025247604345106016,0.2592306813664687,0.22492389596726084,296.0,296.0,0.03430678539920787,0.00029600000000000026,0.15846627617961806
XRP,LightGBM,ML,candle_extended,candle,extended,long_short,0.42232377373205265,0.1824213134362762,525.0,525.0,0.0012645225682359998,0.0009571212524465262,0.09623144017635471,0.06735011145323905,528.0,528.0,0.028881328723115662,0.0003074013157894737,0.23990246029577644
XRP,LightGBM,ML,candle_extended,candle,extended,short_only,-0.11771757106490743,-0.1865696358156198,232.0,232.0,-0.0008466528317489257,-0.0011613815139194681,-0.0591438136866598,-0.07681773796103265,232.0,232.0,0.01767392427437285,0.0003147286821705424,0.06885206475071237
XRP,LightGBM,ML,candle_raw,candle,raw,long_only,-0.2407069950457933,-0.8239840706126135,4176.0,4176.0,-3.209048246470124e-05,-0.00022156416667522754,-0.007077840765770204,-0.01865866631942485,4176.0,4176.0,0.011580825553654644,0.0001894736842105263,0.5832770755668202
XRP,LightGBM,ML,candle_raw,candle,raw,long_short,-0.1732636903642898,-0.8137701429018644,4238.0,4238.0,-8.972308885057568e-06,-0.0002017324318988966,-0.0050039702351590545,-0.017631030642609808,4258.0,4258.0,0.012627060407450753,0.00019276012301383901,0.6405064525375747
XRP,LightGBM,ML,candle_raw,candle,raw,short_only,-0.34991119967204076,-0.4600396249890042,530.0,530.0,-0.0010897927418434148,-0.0013488709541339176,-0.06596119099249166,-0.07686326023990596,530.0,530.0,0.010902069247414298,0.0002590782122905027,0.11012842531696343
XRP,LightGBM,ML,ohlc_extended,ohlc,extended,long_only,0.10792022488724906,-0.0758801793423799,518.0,518.0,0.0003906296584393202,0.00012322552864581012,0.024207638185509164,0.0026476534004057843,518.0,518.0,0.02155998478510338,0.0002674041297935101,0.18380040422962896
XRP,LightGBM,ML,ohlc_extended,ohlc,extended,long_short,0.2170314165010232,0.00033379491102691894,560.0,560.0,0.0006307909377888602,0.0003600727057446614,0.04558370029477712,0.021673643302562492,560.0,560.0,0.023910056992214625,0.00027071823204419883,0.21669762158999628
XRP,LightGBM,ML,ohlc_extended,ohlc,extended,short_only,-0.04333552784395245,-0.12717506730211092,262.0,262.0,-8.516790168259273e-05,-0.0003427521713455139,-0.013621991609513405,-0.027107532663731736,262.0,262.0,0.013485541054218331,0.00025758426966292116,0.08383953945815847
XRP,LightGBM,ML,ohlc_raw,ohlc,raw,long_only,-0.3420694332903055,-0.8019927720577733,3430.0,3430.0,-8.479974870932758e-05,-0.00025768281322545656,-0.01168818393385388,-0.021832929011619383,3430.0,3430.0,0.010144745077765504,0.00017288306451612896,0.4599233387674678
XRP,LightGBM,ML,ohlc_raw,ohlc,raw,long_short,-0.5868683874827576,-0.8969066304646198,3861.0,3861.0,-0.0001737161959465153,-0.00035756970714711936,-0.015014713799493611,-0.02049469668573323,3965.0,3965.0,0.0054799828862396194,0.00018385351120060405,0.3100382429818622
XRP,LightGBM,ML,ohlc_raw,ohlc,raw,short_only,-0.3926691945591627,-0.5320812860170672,744.0,744.0,-0.0005962263834732969,-0.0007846102218571355,-0.03622431367532314,-0.04310987905227067,743.0,743.0,0.006885565376947532,0.00018838383838383856,0.13941209145790445
XRP,Logistic Regression,ML,candle_extended,candle,extended,long_only,0.09993525269094827,0.022020122917716156,210.0,210.0,0.0008467050658705824,0.000555038399203916,0.05916078144138313,0.03571587492474044,210.0,210.0,0.02344490651664269,0.0002916666666666664,0.07791512977323212
XRP,Logistic Regression,ML,candle_extended,candle,extended,long_short,0.02293602624680524,-0.0975932209102478,358.0,358.0,0.00024912629810908664,-2.565440364529879e-05,0.005873380975999463,-0.010041489266801557,358.0,358.0,0.01591487024280102,0.0002747807017543854,0.12052924715705304
XRP,Logistic Regression,ML,candle_extended,candle,extended,short_only,-0.2067789673127891,-0.31242301638953673,408.0,408.0,-0.0005448471311737644,-0.0007729621471482055,-0.033600459792528924,-0.042481530542876796,408.0,408.0,0.008881070750347872,0.00022811501597444104,0.10564404907674763
XRP,Logistic Regression,ML,candle_raw,candle,raw,long_only,-0.17791694555647408,-0.38565898591476777,832.0,832.0,-0.0001440479876919594,-0.000270327259157701,-0.021670961040787494,-0.03523094271272986,832.0,832.0,0.013559981671942369,0.0001262792714657416,0.2077420403582937
XRP,Logistic Regression,ML,candle_raw,candle,raw,long_short,-0.8245784995065221,-0.8809028661110504,1094.0,1094.0,-0.00025722639362187456,-0.0002930847042485776,-0.013876434638407481,-0.014405057835100517,1104.0,1104.0,0.0005286231966930358,3.585831062670301e-05,0.05632436660452833
XRP,Logistic Regression,ML,candle_raw,candle,raw,short_only,-0.7931392815956118,-0.8588570255644427,1091.0,1091.0,-0.00022938759150968512,-0.000264145685361995,-0.013552783418479633,-0.014168603708519795,1090.0,1090.0,0.0006158202900401616,3.475809385230987e-05,0.0657177439688309
XRP,Logistic Regression,ML,ohlc_extended,ohlc,extended,long_only,0.14711094126450996,0.058428028365246965,230.0,230.0,0.001067680206261784,0.0007842295020364332,0.07309915377638058,0.05066743649142126,230.0,230.0,0.022431717284959324,0.00028345070422535086,0.088682912899263
XRP,Logistic Regression,ML,ohlc_extended,ohlc,extended,long_short,0.3471342556354837,0.1894192870905238,356.0,356.0,0.0013604769266363002,0.0010953705436575762,0.10915154131606475,0.08366951519820705,356.0,356.0,0.0254820261178577,0.000265106382978724,0.15771496854495992
XRP,Logistic Regression,ML,ohlc_extended,ohlc,extended,short_only,0.08532656933738902,-0.033736160200251275,332.0,332.0,0.0005736433031756847,0.0002982878529387181,0.02103504788075862,0.005935877767425524,332.0,332.0,0.015099170113333095,0.00027535545023696666,0.1190627295376403
XRP,Logistic Regression,ML,ohlc_raw,ohlc,raw,long_only,0.7610155523372286,0.38514961056535557,686.0,686.0,0.0015662404911290808,0.001266863932525589,0.10891570234270481,0.08035192308848998,686.0,686.0,0.028563779254214827,0.00029937655860349166,0.37586594177187305
XRP,Logistic Regression,ML,ohlc_raw,ohlc,raw,long_short,-0.4598240223678456,-0.7300906785518906,1926.0,1926.0,-0.00014959056203621795,-0.00028335015282905684,-0.013757697616045061,-0.018717799471852245,1980.0,1980.0,0.0049601018558071835,0.0001337595907928389,0.270266656184045
XRP,Logistic Regression,ML,ohlc_raw,ohlc,raw,short_only,-0.5666070678572219,-0.6944190454102516,998.0,998.0,-0.0008017925804437093,-0.0010004842755517867,-0.03756423127467542,-0.042187633501136475,998.0,998.0,0.004623402226461057,0.0001986916951080774,0.12781197755302964
XRP,RSI,Rule,rule_based,rule,rule,long_only,1.9393507725710064,0.46872638751675244,1982.0,1982.0,0.00027619577010382215,0.00020105495554576327,0.04566019379743161,0.02536971811394924,1982.0,1982.0,0.02029047568348237,7.514081455805888e-05,1.470624385054254
XRP,RSI,Rule,rule_based,rule,rule,long_short,0.5373687000507954,-0.6158617678554734,2938.0,2938.0,8.734907895469953e-05,-2.0222028063921294e-05,0.0059300291721709145,-0.005107077114029533,3961.0,3961.0,0.011037106286200447,0.00010757110701862082,1.1532304679062688
XRP,RSI,Rule,rule_based,rule,rule,short_only,-0.5610549251545518,-0.698422327162566,1072.0,1072.0,-0.0001423449490936732,-0.0001868104622484492,-0.013023568077310673,-0.01476542388823161,1072.0,1072.0,0.0017418558109209368,4.4465513154775984e-05,0.13736740200801423
XRP,SMA,Rule,rule_based,rule,rule,long_only,0.908678570323169,0.8861072885345342,34.0,34.0,0.0018039660706627425,0.001789382737329409,0.10628300115257383,0.10495741529800219,34.0,34.0,0.0013255858545716398,1.4583333333333462e-05,0.022571281788634767
XRP,SMA,Rule,rule_based,rule,rule,long_short,1.486691542032161,1.2911201036120108,234.0,234.0,0.0003290522847940372,0.00031728842383454286,0.03667477648485939,0.034212100489018814,234.0,234.0,0.002462675995840574,1.176386095949432e-05,0.19557143842015012
XRP,SMA,Rule,rule_based,rule,rule,short_only,-0.2314842241222036,-0.24058821010021536,34.0,34.0,-0.000631447970530432,-0.0006504575551949687,-0.036002354185850516,-0.03671150320866541,34.0,34.0,0.000709149022814895,1.900958466453668e-05,0.009103985978011764
XRP,XGBoost,ML,candle_extended,candle,extended,long_only,1.1574968863396018,0.2693130977879714,1516.0,1516.0,0.0009027820851706525,0.0006128367299793957,0.1140666794060767,0.06455670358486394,1516.0,1516.0,0.04950997582121276,0.00028994535519125684,0.8881837885516304
XRP,XGBoost,ML,candle_extended,candle,extended,long_short,1.160760883779726,-0.11050774720243006,2440.0,2440.0,0.0005668343292827236,0.00026002198995110404,0.06258404944542201,0.01836571820021459,2536.0,2536.0,0.044218331245207416,0.00030681233933161956,1.2712686309821561
XRP,XGBoost,ML,candle_extended,candle,extended,short_only,0.15555679847687576,-0.19256992331852518,1024.0,1024.0,0.0003124876626523889,3.594445277584574e-05,0.017972186392277514,-0.003934738170206877,1024.0,1024.0,0.02190692456248439,0.0002765432098765432,0.34812672179540094
XRP,XGBoost,ML,candle_raw,candle,raw,long_only,-0.14115906261725253,-0.4676214063172178,1366.0,1366.0,-0.00012235200199159417,-0.000390345275534195,-0.01618556185702102,-0.037131860235290984,1366.0,1366.0,0.020946298378269963,0.00026799327354260085,0.3264623436999653
XRP,XGBoost,ML,candle_raw,candle,raw,long_short,-0.5464481672343391,-0.8015976996766128,2265.0,2265.0,-0.0004333470039986096,-0.0007187556885452249,-0.029409290496948744,-0.0382019975790779,2361.0,2361.0,0.008792707082129154,0.0002854086845466153,0.2551495324422737
XRP,XGBoost,ML,candle_raw,candle,raw,short_only,-0.48001495800662397,-0.6343168921238789,1005.0,1005.0,-0.0008521276360593873,-0.0011087602891206117,-0.04970900408446839,-0.05839256424343045,1005.0,1005.0,0.008683560158962059,0.00025663265306122437,0.1543019341172549
XRP,XGBoost,ML,ohlc_extended,ohlc,extended,long_only,0.26931662581188864,-0.436181891570118,2318.0,2318.0,0.00018454823030432656,-3.651443999540081e-05,0.014111869720410017,-0.008067493657772838,2318.0,2318.0,0.022179363378182854,0.00022106267029972738,0.7054985173820066
XRP,XGBoost,ML,ohlc_extended,ohlc,extended,long_short,0.28853229878991304,-0.6186759192661352,3349.0,3349.0,0.00015194568118106523,-8.064058705088067e-05,0.00927635998314837,-0.010605344468919335,3478.0,3478.0,0.019881704452067703,0.0002325862682319459,0.9072082180560482
XRP,XGBoost,ML,ohlc_extended,ohlc,extended,short_only,-0.047182846165523706,-0.3003071854058267,882.0,882.0,1.549781975850627e-05,-0.00021283058260835743,-0.005317832008820668,-0.02068031838178559,882.0,882.0,0.015362486372964921,0.0002283284023668637,0.253124339240303
XRP,XGBoost,ML,ohlc_raw,ohlc,raw,long_only,0.03344388075872562,-0.7218178450108393,3749.0,3749.0,4.600671106081045e-05,-0.00013900879500064987,0.0011005693691470999,-0.01526527371930049,3749.0,3749.0,0.01636584308844759,0.00018501550606146033,0.755261725769565
XRP,XGBoost,ML,ohlc_raw,ohlc,raw,long_short,-0.5679433727219176,-0.9177929880937368,4463.0,4463.0,-0.000148931914723009,-0.0003696947275954761,-0.013413790924181709,-0.019570556163141607,4739.0,4739.0,0.0061567652389598986,0.00022076281287246712,0.34984961537181913
XRP,XGBoost,ML,ohlc_raw,ohlc,raw,short_only,-0.568813669668724,-0.6865061444265903,910.0,910.0,-0.0012492501758298556,-0.0015090381040517155,-0.05933235271020769,-0.0659719796929806,910.0,910.0,0.006639626982772914,0.0002597879282218599,0.11769247475786626
