Asset,Model,Model Family,Feature Set,Input Type,Feature Type,Strategy Mode,Strategy Label,Cost Regime,Long Threshold,Short Threshold,Threshold Feasible,Validation Sharpe,Validation Precision,Validation Recall,Validation Avg Return,Validation Trades,Validation Signal Ratio,Test Sharpe,Test Precision,Test Recall,Test Avg Return,Cumulative Return,Maximum Drawdown,Turnover,Number of Trades,Annualized Sharpe,Model Params,Log Path,Feasibility Bucket
BTC,GRU,ML,candle_extended,candle,extended,long_only,long,no_cost,0.5700000000000001,,True,0.206345602371968,0.6225165562913907,0.0168670375022429,0.0018843142591752,256.0,0.013818980507001,0.1558366604626516,0.625,0.0198233916020904,0.0011808589308837,0.2246642620148236,-0.0839910095973012,194.0,194.0,1.83420890293646,"{""lookback_hours"": 24, ""model_dir"": ""models/gru/candle_extended/btc""}",data/trading_logs/no_cost/long_only/gru/candle_extended/btc/trading_log.csv,feasible
BTC,GRU,ML,candle_extended,candle,extended,long_only,long,with_cost,0.5700000000000001,,True,0.1738777494956477,0.6225165562913907,0.0168670375022429,0.0015876255174533,256.0,0.013818980507001,0.1307285820448653,0.625,0.0198233916020904,0.000987961203611,0.1443334567577971,-0.0872052525268827,194.0,194.0,1.2418013354982615,"{""lookback_hours"": 24, ""model_dir"": ""models/gru/candle_extended/btc""}",data/trading_logs/with_cost/long_only/gru/candle_extended/btc/trading_log.csv,feasible
BTC,GRU,ML,ohlc_extended,ohlc,extended,long_short,long_short,no_cost,0.55,0.5700000000000001,True,0.0308407416805304,0.7928176795580111,0.0286238375179067,0.0002110944796085,700.0,0.0497849363960831,0.1022181228577345,0.563953488372093,0.0174806271400252,0.0006854152668512,0.256063213076213,-0.0656802137326788,354.0,354.0,1.6911747985780168,"{""lookback_hours"": 24, ""model_dir"": ""models/gru/ohlc_extended/btc""}",data/trading_logs/no_cost/long_short/gru/ohlc_extended/btc/trading_log.csv,feasible
BTC,GRU,ML,ohlc_extended,ohlc,extended,long_short,long_short,with_cost,0.55,0.5700000000000001,True,-0.0020598828196536,0.7928176795580111,0.0286238375179067,-1.4089343920887774e-05,700.0,0.0497849363960831,0.0753030028750166,0.563953488372093,0.0174806271400252,0.0005053280575488,0.1097045497780409,-0.0740445739447177,354.0,354.0,0.8031173127086824,"{""lookback_hours"": 24, ""model_dir"": ""models/gru/ohlc_extended/btc""}",data/trading_logs/with_cost/long_short/gru/ohlc_extended/btc/trading_log.csv,feasible
BTC,GRU,ML,ohlc_extended,ohlc,extended,short_only,short,no_cost,,0.54,True,0.0302518219394329,0.6278481012658228,0.046337817638266,0.0001458632623502,558.0,0.0361489887434794,-0.2470573995408223,0.6,0.0011152416356877,-0.0016276319165312,-0.0163511759294696,-0.0197252289977257,16.0,16.0,-0.713480848961962,"{""lookback_hours"": 24, ""model_dir"": ""models/gru/ohlc_extended/btc""}",data/trading_logs/no_cost/short_only/gru/ohlc_extended/btc/trading_log.csv,feasible
BTC,GRU,ML,ohlc_extended,ohlc,extended,short_only,short,with_cost,,0.54,True,-0.0210237828023316,0.6278481012658228,0.046337817638266,-0.0001013519275231,558.0,0.0361489887434794,-0.2884831189360893,0.6,0.0011152416356877,-0.0019076319165312,-0.0218511041004079,-0.0245247491617016,16.0,16.0,-0.943504115711671,"{""lookback_hours"": 24, ""model_dir"": ""models/gru/ohlc_extended/btc""}",data/trading_logs/with_cost/short_only/gru/ohlc_extended/btc/trading_log.csv,feasible
BTC,LightGBM,ML,candle_extended,candle,extended,long_only,long,no_cost,0.7300000000000002,,True,0.1487652220441781,0.6019417475728155,0.0111031518624641,0.000706645251024,198.0,0.0094063926940639,-0.0094820150093627,0.5222222222222223,0.0169095161000179,-5.052027783957521e-05,-0.0115594353531067,-0.0561532553272664,326.0,326.0,-0.114080870530475,"{""model_dir"": ""models/lightgbm/candle_extended/btc"", ""tree_device"": ""cpu""}",data/trading_logs/no_cost/long_only/lightgbm/candle_extended/btc/trading_log.csv,feasible
BTC,LightGBM,ML,candle_extended,candle,extended,long_only,long,with_cost,0.7300000000000002,,True,0.0779141877417917,0.6019417475728155,0.0111031518624641,0.0003702374840337,198.0,0.0094063926940639,-0.0688918880598188,0.5222222222222223,0.0169095161000179,-0.000367464722284,-0.1181700722065647,-0.1267834057241565,326.0,326.0,-1.5373712060841749,"{""model_dir"": ""models/lightgbm/candle_extended/btc"", ""tree_device"": ""cpu""}",data/trading_logs/with_cost/long_only/lightgbm/candle_extended/btc/trading_log.csv,feasible
BTC,LightGBM,ML,ohlc_extended,ohlc,extended,long_short,long_short,no_cost,0.7400000000000002,0.7300000000000002,True,0.1358304574615211,0.6309143686502177,0.0124287807499428,0.0005799138874397,376.0,0.0204566210045662,0.152621878838161,0.5868217054263566,0.0122573994851914,0.0006516037672702,0.1584624443616655,-0.0281738553031903,422.0,422.0,2.0466916184837936,"{""model_dir"": ""models/lightgbm/ohlc_extended/btc"", ""tree_device"": ""cpu""}",data/trading_logs/no_cost/long_short/lightgbm/ohlc_extended/btc/trading_log.csv,feasible
BTC,LightGBM,ML,ohlc_extended,ohlc,extended,long_short,long_short,with_cost,0.7400000000000002,0.7300000000000002,True,0.0670770385520134,0.6309143686502177,0.0124287807499428,0.0002861638874397,376.0,0.0204566210045662,0.0771828188814271,0.5868217054263566,0.0122573994851914,0.0003291146843008,-0.0005791851242027,-0.0705701866060418,422.0,422.0,0.0209466789536653,"{""model_dir"": ""models/lightgbm/ohlc_extended/btc"", ""tree_device"": ""cpu""}",data/trading_logs/with_cost/long_short/lightgbm/ohlc_extended/btc/trading_log.csv,feasible
BTC,LightGBM,ML,candle_extended,candle,extended,short_only,short,no_cost,,0.7000000000000002,True,0.0967113770033318,0.5916030534351145,0.0288963460104399,0.0006224331418296,472.0,0.0239269406392694,0.0718155738675089,0.5423956931359354,0.0747264973113295,0.0003031619825149,0.2443586501373364,-0.0607293229656579,1254.0,1254.0,1.7476246068149095,"{""model_dir"": ""models/lightgbm/candle_extended/btc"", ""tree_device"": ""cpu""}",data/trading_logs/no_cost/short_only/lightgbm/candle_extended/btc/trading_log.csv,feasible
BTC,LightGBM,ML,candle_extended,candle,extended,short_only,short,with_cost,,0.7000000000000002,True,0.0478048345666631,0.5916030534351145,0.0288963460104399,0.0003071659662571,472.0,0.0239269406392694,0.0018545558703392,0.5423956931359354,0.0747264973113295,7.805320334604793e-06,-0.1976805667291966,-0.250995804592605,1254.0,1254.0,-1.662032086714153,"{""model_dir"": ""models/lightgbm/candle_extended/btc"", ""tree_device"": ""cpu""}",data/trading_logs/with_cost/short_only/lightgbm/candle_extended/btc/trading_log.csv,feasible
BTC,Logistic Regression,ML,candle_extended,candle,extended,long_only,long,no_cost,0.5900000000000001,,True,0.0899462752732969,0.6314699792960663,0.0546203438395415,0.0007408996968312,778.0,0.0441095890410958,0.1095635927959323,0.5674676524953789,0.0552257600287821,0.0008474696202368,0.5560895254934182,-0.1232528822296208,846.0,846.0,2.268212504443759,"{""model_dir"": ""models/logistic_regression/candle_extended/btc""}",data/trading_logs/no_cost/long_only/logistic_regression/candle_extended/btc/trading_log.csv,feasible
BTC,Logistic Regression,ML,candle_extended,candle,extended,long_only,long,with_cost,0.5900000000000001,,True,0.0556401438916085,0.6314699792960663,0.0546203438395415,0.0004590156388602,778.0,0.0441095890410958,0.0741809540242801,0.5674676524953789,0.0552257600287821,0.0005738097311425,0.1573650463426856,-0.1727845730839858,846.0,846.0,0.8050533789016733,"{""model_dir"": ""models/logistic_regression/candle_extended/btc""}",data/trading_logs/with_cost/long_only/logistic_regression/candle_extended/btc/trading_log.csv,feasible
BTC,Logistic Regression,ML,ohlc_extended,ohlc,extended,long_short,long_short,no_cost,0.6500000000000001,0.5900000000000001,True,0.0469219545547152,0.821875,0.0193811710885901,0.0002292933439759,520.0,0.0294063926940639,0.0486806596347242,0.5712550028587764,0.0308539745595075,0.0002195759643626,0.1327328964757255,-0.0525646684817725,794.0,793.0,1.0616437128582243,"{""model_dir"": ""models/logistic_regression/ohlc_extended/btc""}",data/trading_logs/no_cost/long_short/logistic_regression/ohlc_extended/btc/trading_log.csv,feasible
BTC,Logistic Regression,ML,ohlc_extended,ohlc,extended,long_short,long_short,with_cost,0.6500000000000001,0.5900000000000001,True,-0.0108950960169736,0.821875,0.0193811710885901,-5.331535167625109e-05,520.0,0.0294063926940639,-0.0032216318526561,0.5712550028587764,0.0308539745595075,-1.4541682696183304e-05,-0.1421180836686482,-0.1906858059058555,794.0,793.0,-1.194758399463294,"{""model_dir"": ""models/logistic_regression/ohlc_extended/btc""}",data/trading_logs/with_cost/long_short/logistic_regression/ohlc_extended/btc/trading_log.csv,feasible
BTC,Logistic Regression,ML,ohlc_extended,ohlc,extended,short_only,short,no_cost,,0.5900000000000001,True,0.0360410113443174,0.64375,0.0384041759880686,0.0001730128773462,516.0,0.0292237442922374,0.0476606404749518,0.5591766723842195,0.0604487298349712,0.0002021245341368,0.1192145972786817,-0.0504556933862081,770.0,770.0,1.028928375341079,"{""model_dir"": ""models/logistic_regression/ohlc_extended/btc""}",data/trading_logs/no_cost/short_only/logistic_regression/ohlc_extended/btc/trading_log.csv,feasible
BTC,Logistic Regression,ML,ohlc_extended,ohlc,extended,short_only,short,with_cost,,0.5900000000000001,True,-0.0227058021855688,0.64375,0.0384041759880686,-0.0001091746226537,516.0,0.0292237442922374,-0.0068342677797464,0.5591766723842195,0.0604487298349712,-2.900754133479861e-05,-0.1452072609957727,-0.1888330002615742,770.0,770.0,-1.321717839937665,"{""model_dir"": ""models/logistic_regression/ohlc_extended/btc""}",data/trading_logs/with_cost/short_only/logistic_regression/ohlc_extended/btc/trading_log.csv,feasible
BTC,RSI,Rule,rule_based,rule,rule,long_only,long,no_cost,0.7400000000000002,,True,0.0173928089600429,0.5525309336332959,0.4401433691756272,9.12763900956392e-05,1911.0,0.4061957415699534,0.0184838849688199,0.5370082240497889,0.4347669605902465,9.55697550100936e-05,0.4474182540412832,-0.2577890972596809,1829.0,1829.0,1.1091241339585975,"{""window"": 7}",data/trading_logs/no_cost/long_only/rsi/rule_based/btc/trading_log.csv,feasible
BTC,RSI,Rule,rule_based,rule,rule,long_only,long,with_cost,0.7400000000000002,,True,0.0030483132408644,0.5525309336332959,0.4401433691756272,1.600079954445813e-05,1911.0,0.4061957415699534,0.0047173322934419,0.5370082240497889,0.4347669605902465,2.438727001342767e-05,-0.2369235414144298,-0.4854759206401622,1829.0,1829.0,-0.5420545959730949,"{""window"": 7}",data/trading_logs/with_cost/long_only/rsi/rule_based/btc/trading_log.csv,feasible
BTC,RSI,Rule,rule_based,rule,rule,long_short,long_short,no_cost,0.7400000000000002,0.7400000000000002,True,-0.0023512180743113,0.5414923776446734,0.4686260587717345,-1.2093067967329164e-05,3058.0,0.8653020195558805,0.0086709823588902,0.5282839429665103,0.4626507408741879,4.27502343018375e-05,0.3407196821044491,-0.3183757882131892,3719.0,2913.0,0.7595073318963467,"{""window"": 7}",data/trading_logs/no_cost/long_short/rsi/rule_based/btc/trading_log.csv,feasible
BTC,RSI,Rule,rule_based,rule,rule,long_short,long_short,with_cost,0.7400000000000002,0.7400000000000002,True,-0.0219918578289863,0.5414923776446734,0.4686260587717345,-0.0001132230711355,3058.0,0.8653020195558805,-0.011062414997532,0.5282839429665103,0.4626507408741879,-5.458963634285266e-05,-0.6353240667336932,-0.7113439307654594,3719.0,2913.0,-1.6511215616027122,"{""window"": 7}",data/trading_logs/with_cost/long_short/rsi/rule_based/btc/trading_log.csv,feasible
BTC,RSI,Rule,rule_based,rule,rule,short_only,short,no_cost,,0.7400000000000002,True,-0.020514153894524,0.5304538216560509,0.4971087483678418,-0.0001035495251906,1951.0,0.459106277985927,-0.0008420175838643,0.5195596618832318,0.4905345211581292,-3.963943733634109e-06,-0.0737164752751611,-0.2959809117976393,1890.0,1890.0,-0.0537302631567696,"{""window"": 7}",data/trading_logs/no_cost/short_only/rsi/rule_based/btc/trading_log.csv,feasible
BTC,RSI,Rule,rule_based,rule,rule,short_only,short,with_cost,,0.7400000000000002,True,-0.0339631985815441,0.5304538216560509,0.4971087483678418,-0.0001715431557638,1951.0,0.459106277985927,-0.0146436167703352,0.5195596618832318,0.4905345211581292,-6.898261878769346e-05,-0.522038833677365,-0.5831152162364301,1890.0,1890.0,-1.8143790587925728,"{""window"": 7}",data/trading_logs/with_cost/short_only/rsi/rule_based/btc/trading_log.csv,feasible
BTC,SMA,Rule,rule_based,rule,rule,long_only,long,no_cost,0.56,,True,0.0274785548716847,0.5325670498084292,0.0749865132170472,0.0001668394744986,74.0,0.071828272635538,-0.0027162202229035,0.5223367697594502,0.0548934633441675,-1.7310779073467822e-05,-0.0217145225874242,-0.215486972812393,66.0,66.0,-0.0587837797535924,"{""long_window"": 50, ""short_window"": 30}",data/trading_logs/no_cost/long_only/sma/rule_based/btc/trading_log.csv,feasible
BTC,SMA,Rule,rule_based,rule,rule,long_only,long,with_cost,0.56,,True,0.0247530432478944,0.5325670498084292,0.0749865132170472,0.0001503005217527,74.0,0.071828272635538,-0.0058293496180675,0.5223367697594502,0.0548934633441675,-3.715613989821005e-05,-0.0440594450559618,-0.2236883053734603,66.0,66.0,-0.1935201557227194,"{""long_window"": 50, ""short_window"": 30}",data/trading_logs/with_cost/long_only/sma/rule_based/btc/trading_log.csv,feasible
BTC,SMA,Rule,rule_based,rule,rule,long_short,long_short,no_cost,0.56,0.6900000000000002,True,0.020434483044251,0.5390107976314873,0.0380552648513112,0.0001268569022465,76.0,0.0728373543711586,-0.0027162202229035,0.5223367697594502,0.0274467316720837,-1.7310779073467822e-05,-0.0217145225874242,-0.215486972812393,66.0,66.0,-0.0587837797535924,"{""long_window"": 50, ""short_window"": 30}",data/trading_logs/no_cost/long_short/sma/rule_based/btc/trading_log.csv,feasible
BTC,SMA,Rule,rule_based,rule,rule,long_short,long_short,with_cost,0.56,0.6900000000000002,True,0.0177355268649862,0.5390107976314873,0.0380552648513112,0.0001101062725236,76.0,0.0728373543711586,-0.0058293496180675,0.5223367697594502,0.0274467316720837,-3.715613989821005e-05,-0.0440594450559618,-0.2236883053734603,66.0,66.0,-0.1935201557227194,"{""long_window"": 50, ""short_window"": 30}",data/trading_logs/with_cost/long_short/sma/rule_based/btc/trading_log.csv,feasible
BTC,SMA,Rule,rule_based,rule,rule,short_only,short,no_cost,,0.52,True,0.0006086636943295,0.4970745357415416,0.3695158850226929,3.3951652774600785e-06,78.0,0.363947782612721,-0.0123869162977386,0.4923226907141116,0.3798420458819105,-6.661816037307711e-05,-0.2830393010680978,-0.4195254407675556,90.0,90.0,-0.71450617664063,"{""long_window"": 150, ""short_window"": 30}",data/trading_logs/no_cost/short_only/sma/rule_based/btc/trading_log.csv,feasible
BTC,SMA,Rule,rule_based,rule,rule,short_only,short,with_cost,,0.52,True,-2.9807427757554076e-05,0.4970745357415416,0.3695158850226929,-1.6626947196755113e-07,78.0,0.363947782612721,-0.0130987977577325,0.4923226907141116,0.3798420458819105,-7.04568150160213e-05,-0.3052864615012548,-0.4323970256772284,90.0,90.0,-0.7967142814926992,"{""long_window"": 150, ""short_window"": 30}",data/trading_logs/with_cost/short_only/sma/rule_based/btc/trading_log.csv,feasible
BTC,XGBoost,ML,candle_extended,candle,extended,long_only,long,no_cost,0.7400000000000002,,True,0.0536040242452297,0.5568181818181818,0.1140759312320916,0.0002547536808819,1770.0,0.1044748858447488,0.0350160353706547,0.5270440251572327,0.1507465371469688,0.0001607279970984,0.2696777895728259,-0.1353042626517547,2514.0,2514.0,1.2484180413005836,"{""model_dir"": ""models/xgboost/candle_extended/btc"", ""tree_device"": ""cpu""}",data/trading_logs/no_cost/long_only/xgboost/candle_extended/btc/trading_log.csv,feasible
BTC,XGBoost,ML,candle_extended,candle,extended,long_only,long,with_cost,0.7400000000000002,,True,-0.0033704555640561,0.5568181818181818,0.1140759312320916,-1.600680862856653e-05,1770.0,0.1044748858447488,-0.0252406213223521,0.5270440251572327,0.1507465371469688,-0.000115970116109,-0.4733644251291025,-0.5005655308088778,2514.0,2514.0,-3.0422678491519024,"{""model_dir"": ""models/xgboost/candle_extended/btc"", ""tree_device"": ""cpu""}",data/trading_logs/with_cost/long_only/xgboost/candle_extended/btc/trading_log.csv,feasible
BTC,XGBoost,ML,ohlc_extended,ohlc,extended,long_short,long_short,no_cost,0.6200000000000001,0.7300000000000002,True,0.04463096882582,0.535904710129361,0.1774445042723537,0.0002232973418846,4301.0,0.3324200913242009,0.0079763621742815,0.5164962518975462,0.2335699001794114,3.580444233337223e-05,0.1359321636367516,-0.1767844838394952,6492.0,5687.0,0.5021166740055858,"{""model_dir"": ""models/xgboost/ohlc_extended/btc"", ""tree_device"": ""cpu""}",data/trading_logs/no_cost/long_short/xgboost/ohlc_extended/btc/trading_log.csv,feasible
BTC,XGBoost,ML,ohlc_extended,ohlc,extended,long_short,long_short,with_cost,0.6200000000000001,0.7300000000000002,True,-0.005171673164078,0.535904710129361,0.1774445042723537,-2.5933427346097156e-05,4301.0,0.3324200913242009,-0.0556882801063001,0.5164962518975462,0.2335699001794114,-0.0002503986258943,-0.8829610561274578,-0.8880108053618896,6492.0,5687.0,-5.913958641642287,"{""model_dir"": ""models/xgboost/ohlc_extended/btc"", ""tree_device"": ""cpu""}",data/trading_logs/with_cost/long_short/xgboost/ohlc_extended/btc/trading_log.csv,feasible
BTC,XGBoost,ML,ohlc_extended,ohlc,extended,short_only,short,no_cost,,0.7300000000000002,True,0.0466425159624802,0.5286168521462639,0.1239746457867263,0.0002659463311206,1742.0,0.1148858447488584,-0.0116908140190552,0.5040953090096798,0.2510661969219358,-5.072908156443447e-05,-0.1491595195991736,-0.341388332696365,3394.0,3394.0,-0.5419281558721147,"{""model_dir"": ""models/xgboost/ohlc_extended/btc"", ""tree_device"": ""cpu""}",data/trading_logs/no_cost/short_only/xgboost/ohlc_extended/btc/trading_log.csv,feasible
BTC,XGBoost,ML,ohlc_extended,ohlc,extended,short_only,short,with_cost,,0.7300000000000002,True,0.0041386841409489,0.5286168521462639,0.1239746457867263,2.361723732101196e-05,1742.0,0.1148858447488584,-0.0625478263568267,0.5040953090096798,0.2510661969219358,-0.0002718571530461,-0.7406887019358819,-0.7522980198043117,3394.0,3394.0,-5.245330625737873,"{""model_dir"": ""models/xgboost/ohlc_extended/btc"", ""tree_device"": ""cpu""}",data/trading_logs/with_cost/short_only/xgboost/ohlc_extended/btc/trading_log.csv,feasible
ETH,GRU,ML,ohlc_extended,ohlc,extended,long_only,long,no_cost,0.55,,True,0.0294832953918702,0.6272189349112426,0.0191266690725369,0.0002496372159171,312.0,0.0154662761965772,-0.068303761214722,0.4886363636363636,0.0077268643306379,-0.0007134726924822,-0.0653770893442479,-0.1049006305846539,176.0,176.0,-0.5755665336214153,"{""lookback_hours"": 24, ""model_dir"": ""models/gru/ohlc_extended/eth""}",data/trading_logs/no_cost/long_only/gru/ohlc_extended/eth/trading_log.csv,feasible
ETH,GRU,ML,ohlc_extended,ohlc,extended,long_only,long,with_cost,0.55,,True,-0.0086777316996774,0.6272189349112426,0.0191266690725369,-7.343970715974924e-05,312.0,0.0154662761965772,-0.1018107428792608,0.4886363636363636,0.0077268643306379,-0.0010634726924822,-0.1212442582932172,-0.138754526047599,176.0,176.0,-1.1364307376983809,"{""lookback_hours"": 24, ""model_dir"": ""models/gru/ohlc_extended/eth""}",data/trading_logs/with_cost/long_only/gru/ohlc_extended/eth/trading_log.csv,feasible
ETH,GRU,ML,candle_extended,candle,extended,long_short,long_short,no_cost,0.55,0.6000000000000001,True,0.0204805271111465,0.7922149122807017,0.0481803736584329,0.0001754856968546,1228.0,0.0835544980323968,-0.0019718886976983,0.2745726495726496,0.0461814914645103,-1.7879609564557988e-05,-0.0539511190025938,-0.3367669275813804,1124.0,1124.0,-0.0540661271950796,"{""lookback_hours"": 24, ""model_dir"": ""models/gru/candle_extended/eth""}",data/trading_logs/no_cost/long_short/gru/candle_extended/eth/trading_log.csv,feasible
ETH,GRU,ML,candle_extended,candle,extended,long_short,long_short,with_cost,0.55,0.6000000000000001,True,-0.0069917294758944,0.7922149122807017,0.0481803736584329,-5.98921782822647e-05,1228.0,0.0835544980323968,-0.0251204204172122,0.2745726495726496,0.0461814914645103,-0.0002278049030544,-0.3617001939996295,-0.4740096596718319,1124.0,1124.0,-1.3225929602710844,"{""lookback_hours"": 24, ""model_dir"": ""models/gru/candle_extended/eth""}",data/trading_logs/with_cost/long_short/gru/candle_extended/eth/trading_log.csv,feasible
ETH,GRU,ML,candle_extended,candle,extended,short_only,short,no_cost,,0.56,True,-0.0063422092290533,0.6,0.0446594715295869,-5.152550932890352e-05,632.0,0.0366065708794728,-0.0227233516167561,0.5536480686695279,0.0240716551595446,-0.0001363394176477,-0.0353199996287582,-0.1483995516386129,400.0,400.0,-0.3111115315730768,"{""lookback_hours"": 24, ""model_dir"": ""models/gru/candle_extended/eth""}",data/trading_logs/no_cost/short_only/gru/candle_extended/eth/trading_log.csv,feasible
ETH,GRU,ML,candle_extended,candle,extended,short_only,short,with_cost,,0.56,True,-0.0404169585901087,0.6,0.0446594715295869,-0.0003280255093289,632.0,0.0366065708794728,-0.0726623010497244,0.5536480686695279,0.0240716551595446,-0.000436768602197,-0.1613895357397016,-0.2107329281296329,400.0,400.0,-1.6729625867656794,"{""lookback_hours"": 24, ""model_dir"": ""models/gru/candle_extended/eth""}",data/trading_logs/with_cost/short_only/gru/candle_extended/eth/trading_log.csv,feasible
ETH,LightGBM,ML,candle_extended,candle,extended,long_only,long,no_cost,0.7100000000000002,,True,0.0170257700134809,0.5693430656934306,0.0140489913544668,0.0001483103625616,254.0,0.0125114155251141,0.0396024516480977,0.5692307692307692,0.0132806891600861,0.000608154898726,0.0653208862123315,-0.1925776332388566,218.0,218.0,0.4050579976923901,"{""model_dir"": ""models/lightgbm/candle_extended/eth"", ""tree_device"": ""cpu""}",data/trading_logs/no_cost/long_only/lightgbm/candle_extended/eth/trading_log.csv,feasible
ETH,LightGBM,ML,candle_extended,candle,extended,long_only,long,with_cost,0.7100000000000002,,True,-0.02024235754782,0.5693430656934306,0.0140489913544668,-0.0001761421921828,254.0,0.0125114155251141,0.0204828992797861,0.5692307692307692,0.0132806891600861,0.0003146933602645,-0.0129524735003002,-0.2020813402422986,218.0,218.0,0.0141396340184496,"{""model_dir"": ""models/lightgbm/candle_extended/eth"", ""tree_device"": ""cpu""}",data/trading_logs/with_cost/long_only/lightgbm/candle_extended/eth/trading_log.csv,feasible
ETH,LightGBM,ML,candle_extended,candle,extended,long_short,long_short,no_cost,0.7100000000000002,0.6900000000000002,True,0.0097475084181973,0.601338199513382,0.0105515051444693,8.206188351272081e-05,368.0,0.0179908675799086,-0.0030683422618358,0.543418201516793,0.0203147631846942,-3.3308221647275526e-05,-0.0379925470449384,-0.2101031915446441,690.0,683.0,-0.0559001087453874,"{""model_dir"": ""models/lightgbm/candle_extended/eth"", ""tree_device"": ""cpu""}",data/trading_logs/no_cost/long_short/lightgbm/candle_extended/eth/trading_log.csv,feasible
ETH,LightGBM,ML,candle_extended,candle,extended,long_short,long_short,with_cost,0.7100000000000002,0.6900000000000002,True,-0.0291013984045905,0.601338199513382,0.0105515051444693,-0.0002448416697867,368.0,0.0179908675799086,-0.0304545114717437,0.543418201516793,0.0203147631846942,-0.00033089276271,-0.2444694241654105,-0.3229390181704794,690.0,683.0,-1.0331145637898895,"{""model_dir"": ""models/lightgbm/candle_extended/eth"", ""tree_device"": ""cpu""}",data/trading_logs/with_cost/long_short/lightgbm/candle_extended/eth/trading_log.csv,feasible
ETH,LightGBM,ML,ohlc_extended,ohlc,extended,short_only,short,no_cost,,0.6700000000000002,True,0.1097614639037572,0.6164383561643836,0.0167068869500649,0.0006197228794468,250.0,0.0133333333333333,-0.0243096212713447,0.5238095238095238,0.0286511627906976,-0.000208249175658,-0.0694950378283515,-0.2206380929903985,458.0,458.0,-0.3732948087625563,"{""model_dir"": ""models/lightgbm/ohlc_extended/eth"", ""tree_device"": ""cpu""}",data/trading_logs/no_cost/short_only/lightgbm/ohlc_extended/eth/trading_log.csv,feasible
ETH,LightGBM,ML,ohlc_extended,ohlc,extended,short_only,short,with_cost,,0.6700000000000002,True,0.056741449530678,0.6164383561643836,0.0167068869500649,0.0003200653452002,250.0,0.0133333333333333,-0.0562267118851536,0.5238095238095238,0.0286511627906976,-0.000480868223277,-0.207323099674992,-0.2693058312696669,458.0,458.0,-1.3504106286790212,"{""model_dir"": ""models/lightgbm/ohlc_extended/eth"", ""tree_device"": ""cpu""}",data/trading_logs/with_cost/short_only/lightgbm/ohlc_extended/eth/trading_log.csv,feasible
ETH,Logistic Regression,ML,candle_extended,candle,extended,long_only,long,no_cost,0.56,,True,0.046851350605113,0.5962264150943396,0.0853746397694524,0.0003578674635677,1178.0,0.0726027397260273,0.0109433236669487,0.5915492957746479,0.0150753768844221,9.81022941427441e-05,0.008243847104189,-0.0639423093879719,254.0,254.0,0.117027436482113,"{""model_dir"": ""models/logistic_regression/candle_extended/eth""}",data/trading_logs/no_cost/long_only/logistic_regression/candle_extended/eth/trading_log.csv,feasible
ETH,Logistic Regression,ML,candle_extended,candle,extended,long_only,long,with_cost,0.56,,True,0.0128891413333853,0.5962264150943396,0.0853746397694524,9.855928746710992e-05,1178.0,0.0726027397260273,-0.0239890797373194,0.5915492957746479,0.0150753768844221,-0.0002149258748713,-0.0775271526012048,-0.1124560935886342,254.0,254.0,-0.62960940415964,"{""model_dir"": ""models/logistic_regression/candle_extended/eth""}",data/trading_logs/with_cost/long_only/logistic_regression/candle_extended/eth/trading_log.csv,feasible
ETH,Logistic Regression,ML,candle_extended,candle,extended,long_short,long_short,no_cost,0.56,0.7000000000000002,True,0.0483226929068302,0.7981132075471697,0.0427801359233376,0.0003691971506697,1180.0,0.0726940639269406,0.1178008677355252,0.6247220163083766,0.0098632698375598,0.0012136459341006,0.2322083065868172,-0.0645637379037444,320.0,319.0,1.407731603581598,"{""model_dir"": ""models/logistic_regression/candle_extended/eth""}",data/trading_logs/no_cost/long_short/logistic_regression/candle_extended/eth/trading_log.csv,feasible
ETH,Logistic Regression,ML,candle_extended,candle,extended,long_short,long_short,with_cost,0.56,0.7000000000000002,True,0.0143526250991637,0.7981132075471697,0.0427801359233376,0.0001097750401169,1180.0,0.0726940639269406,0.0873982379047717,0.6247220163083766,0.0098632698375598,0.0009005903785451,0.1016930112010041,-0.1137036194385483,320.0,319.0,0.6875986926511839,"{""model_dir"": ""models/logistic_regression/candle_extended/eth""}",data/trading_logs/with_cost/long_short/logistic_regression/candle_extended/eth/trading_log.csv,feasible
ETH,Logistic Regression,ML,ohlc_raw,ohlc,raw,short_only,short,no_cost,,0.52,True,0.2518608006300656,0.6428571428571429,0.0116948208650454,0.0023828291638655,188.0,0.0089497716894977,0.0263632787871952,0.5397448478900884,0.1023255813953488,0.0002365440357469,0.2212441852523798,-0.1550849672119129,1602.0,1602.0,0.7527456481429728,"{""model_dir"": ""models/logistic_regression/ohlc_raw/eth""}",data/trading_logs/no_cost/short_only/logistic_regression/ohlc_raw/eth/trading_log.csv,feasible
ETH,Logistic Regression,ML,ohlc_raw,ohlc,raw,short_only,short,with_cost,,0.52,True,0.2162645543731481,0.6428571428571429,0.0116948208650454,0.0020471148781512,188.0,0.0089497716894977,-0.0042984301444024,0.5397448478900884,0.1023255813953488,-3.857863353669027e-05,-0.3029494531687188,-0.3660249026769386,1602.0,1602.0,-0.9977601228771208,"{""model_dir"": ""models/logistic_regression/ohlc_raw/eth""}",data/trading_logs/with_cost/short_only/logistic_regression/ohlc_raw/eth/trading_log.csv,feasible
ETH,RSI,Rule,rule_based,rule,rule,long_only,long,no_cost,0.7400000000000002,,True,0.0007802807408378,0.553082191780822,0.4656694899981978,4.946477167861074e-06,1917.0,0.4269395960888239,-0.0073721865304768,0.5365321701199564,0.4415724286483575,-6.0714310352809175e-05,-0.3528799737454595,-0.6409520132071614,1772.0,1772.0,-0.4466124451668781,"{""window"": 7}",data/trading_logs/no_cost/long_only/rsi/rule_based/eth/trading_log.csv,feasible
ETH,RSI,Rule,rule_based,rule,rule,long_only,long,with_cost,0.7400000000000002,,True,-0.0105482402775352,0.553082191780822,0.4656694899981978,-6.689641666775536e-05,1917.0,0.4269395960888239,-0.0155822131926927,0.5365321701199564,0.4415724286483575,-0.000128347898139,-0.652006366025074,-0.7695180645745411,1772.0,1772.0,-1.441185213983188,"{""window"": 7}",data/trading_logs/with_cost/long_only/rsi/rule_based/eth/trading_log.csv,feasible
ETH,RSI,Rule,rule_based,rule,rule,long_short,long_short,no_cost,0.7400000000000002,0.7400000000000002,True,-0.0060057144963743,0.54536608554701,0.4742428817258312,-3.612518929442337e-05,2964.0,0.8686831764598374,-0.0092142218818158,0.5281831957763784,0.4660832901297291,-7.065114824901015e-05,-0.6200667892374365,-0.7941666426073268,3621.0,2821.0,-0.8098637733017996,"{""window"": 7}",data/trading_logs/no_cost/long_short/rsi/rule_based/eth/trading_log.csv,feasible
ETH,RSI,Rule,rule_based,rule,rule,long_short,long_short,with_cost,0.7400000000000002,0.7400000000000002,True,-0.0225963297999201,0.54536608554701,0.4742428817258312,-0.0001360147327406,2964.0,0.8686831764598374,-0.0215533156516292,0.5281831957763784,0.4660832901297291,-0.0001653310073455,-0.8930688306652171,-0.9260825480054368,3621.0,2821.0,-2.3139586272072927,"{""window"": 7}",data/trading_logs/with_cost/long_short/rsi/rule_based/eth/trading_log.csv,feasible
ETH,RSI,Rule,rule_based,rule,rule,short_only,short,no_cost,,0.7400000000000002,True,-0.0133378339933917,0.5376499793131981,0.4828162734534646,-7.582043664895227e-05,1867.0,0.4417435803710134,-0.0111928173351536,0.5198342214328004,0.4905941516111007,-7.964274125356543e-05,-0.4128860252377329,-0.6257640519253348,1849.0,1849.0,-0.7127995959609867,"{""window"": 7}",data/trading_logs/no_cost/short_only/rsi/rule_based/eth/trading_log.csv,feasible
ETH,RSI,Rule,rule_based,rule,rule,short_only,short,with_cost,,0.7400000000000002,True,-0.0252273996922442,0.5376499793131981,0.4828162734534646,-0.0001434455917999,1867.0,0.4417435803710134,-0.0201680642021509,0.5198342214328004,0.4905941516111007,-0.0001435365640283,-0.6926758768641927,-0.7619528963861468,1849.0,1849.0,-1.855125493447904,"{""window"": 7}",data/trading_logs/with_cost/short_only/rsi/rule_based/eth/trading_log.csv,feasible
ETH,SMA,Rule,rule_based,rule,rule,long_only,long,no_cost,0.7100000000000002,,True,-0.0312862959057486,0.5252225519287834,0.0321409115670964,-0.0002117469129554,26.0,0.0310570454336005,0.0378451626403655,0.5232,0.059142702116115,0.0003166362697197,0.1924960071232611,-0.146498586252404,30.0,30.0,0.8500840536780887,"{""long_window"": 100, ""short_window"": 30}",data/trading_logs/no_cost/long_only/sma/rule_based/eth/trading_log.csv,feasible
ETH,SMA,Rule,rule_based,rule,rule,long_only,long,with_cost,0.7100000000000002,,True,-0.0332729380281753,0.5252225519287834,0.0321409115670964,-0.0002252483966349,26.0,0.0310570454336005,0.0368436256536238,0.5232,0.059142702116115,0.0003082362697197,0.1800441208203638,-0.1494858604928867,30.0,30.0,0.8050438858742075,"{""long_window"": 100, ""short_window"": 30}",data/trading_logs/with_cost/long_only/sma/rule_based/eth/trading_log.csv,feasible
ETH,SMA,Rule,rule_based,rule,rule,long_short,long_short,no_cost,0.6700000000000002,0.5,True,0.00279832313106,0.5347190250507786,0.2465480911353129,1.802169702467306e-05,254.0,0.4864691312723603,-0.0049331997231403,0.5064578308285401,0.2419091866680754,-4.155328620770476e-05,-0.3358854290233367,-0.5384303031932798,288.0,289.0,-0.3224780237391647,"{""long_window"": 50, ""short_window"": 30}",data/trading_logs/no_cost/long_short/sma/rule_based/eth/trading_log.csv,feasible
ETH,SMA,Rule,rule_based,rule,rule,long_short,long_short,with_cost,0.6700000000000002,0.5,True,0.0014863032191307,0.5347190250507786,0.2465480911353129,9.573648750111504e-06,254.0,0.4864691312723603,-0.0060659847537664,0.5064578308285401,0.2419091866680754,-5.109634750894582e-05,-0.3999991721323211,-0.5732459641276746,288.0,289.0,-0.4705738869677976,"{""long_window"": 50, ""short_window"": 30}",data/trading_logs/with_cost/long_short/sma/rule_based/eth/trading_log.csv,feasible
ETH,SMA,Rule,rule_based,rule,rule,short_only,short,no_cost,,0.53,True,0.0138953703921135,0.5027916544225683,0.3208325520345021,9.777979278109008e-05,116.0,0.3136116486959727,0.0027841323604786,0.4925373134328358,0.3784545967287084,2.41449854165664e-05,-0.0531727165655251,-0.3703170873261385,110.0,110.0,0.159919501678709,"{""long_window"": 100, ""short_window"": 30}",data/trading_logs/no_cost/short_only/sma/rule_based/eth/trading_log.csv,feasible
ETH,SMA,Rule,rule_based,rule,rule,short_only,short,with_cost,,0.53,True,0.0130317504307216,0.5027916544225683,0.3208325520345021,9.171161764150732e-05,116.0,0.3136116486959727,0.0022411392268475,0.4925373134328358,0.3784545967287084,1.943492914056934e-05,-0.0889214324726161,-0.378700080275793,110.0,110.0,0.0975313896534605,"{""long_window"": 100, ""short_window"": 30}",data/trading_logs/with_cost/short_only/sma/rule_based/eth/trading_log.csv,feasible
ETH,XGBoost,ML,ohlc_raw,ohlc,raw,long_only,long,no_cost,0.7300000000000002,,True,0.0524418863722316,0.54375,0.0470100864553314,0.0003874437680565,740.0,0.0438356164383561,0.0327763370096632,0.5162790697674419,0.099605168700646,0.000274964680446,0.2940569880185464,-0.28481633142076,1776.0,1776.0,0.9610406824528572,"{""model_dir"": ""models/xgboost/ohlc_raw/eth"", ""tree_device"": ""cpu""}",data/trading_logs/no_cost/long_only/xgboost/ohlc_raw/eth/trading_log.csv,feasible
ETH,XGBoost,ML,ohlc_raw,ohlc,raw,long_only,long,with_cost,0.7300000000000002,,True,0.0159101644745402,0.54375,0.0470100864553314,0.0001176521013899,740.0,0.0438356164383561,-0.0016868423101332,0.5162790697674419,0.099605168700646,-1.4151598623684962e-05,-0.3050090624749288,-0.4407148957308855,1776.0,1776.0,-1.0597469676366704,"{""model_dir"": ""models/xgboost/ohlc_raw/eth"", ""tree_device"": ""cpu""}",data/trading_logs/with_cost/long_only/xgboost/ohlc_raw/eth/trading_log.csv,feasible
ETH,XGBoost,ML,ohlc_extended,ohlc,extended,long_short,long_short,no_cost,0.6400000000000001,0.7400000000000002,True,0.0025356649092326,0.54084950483714,0.1352139436438132,1.679515105921925e-05,3718.0,0.2512328767123287,0.0175482359850124,0.5291017351858531,0.1744306582747625,0.0001343322474146,0.4598350300608187,-0.3849721092008979,4867.0,4531.0,0.9428177495274672,"{""model_dir"": ""models/xgboost/ohlc_extended/eth"", ""tree_device"": ""cpu""}",data/trading_logs/no_cost/long_short/xgboost/ohlc_extended/eth/trading_log.csv,feasible
ETH,XGBoost,ML,ohlc_extended,ohlc,extended,long_short,long_short,with_cost,0.6400000000000001,0.7400000000000002,True,-0.0383606799443505,0.54084950483714,0.1352139436438132,-0.000254324441816,3718.0,0.2512328767123287,-0.0175352524545564,0.5291017351858531,0.1744306582747625,-0.0001343017232143,-0.7343088847097974,-0.7873943225002309,4867.0,4531.0,-2.367929254822168,"{""model_dir"": ""models/xgboost/ohlc_extended/eth"", ""tree_device"": ""cpu""}",data/trading_logs/with_cost/long_short/xgboost/ohlc_extended/eth/trading_log.csv,feasible
ETH,XGBoost,ML,ohlc_extended,ohlc,extended,short_only,short,no_cost,,0.7400000000000002,True,0.0251644552456454,0.5408038976857491,0.0824206422869871,0.0001459702793601,1302.0,0.0749771689497716,0.0345447762503424,0.535754189944134,0.1784186046511628,0.0002306771041872,0.4519651156964535,-0.2930710798250034,2436.0,2436.0,1.3067694140254291,"{""model_dir"": ""models/xgboost/ohlc_extended/eth"", ""tree_device"": ""cpu""}",data/trading_logs/no_cost/short_only/xgboost/ohlc_extended/eth/trading_log.csv,feasible
ETH,XGBoost,ML,ohlc_extended,ohlc,extended,short_only,short,with_cost,,0.7400000000000002,True,-0.0226640316757353,0.5408038976857491,0.0824206422869871,-0.0001315571262427,1302.0,0.0749771689497716,-0.001119184455137,0.535754189944134,0.1784186046511628,-7.47932039379869e-06,-0.3810874674788048,-0.4883347860476167,2436.0,2436.0,-1.389974871110509,"{""model_dir"": ""models/xgboost/ohlc_extended/eth"", ""tree_device"": ""cpu""}",data/trading_logs/with_cost/short_only/xgboost/ohlc_extended/eth/trading_log.csv,feasible
SOL,GRU,ML,candle_extended,candle,extended,long_only,long,no_cost,0.52,,True,0.159874339524028,0.5986301369863014,0.0798757082800219,0.0019692861776745,1056.0,0.0668069918550379,-0.0048630091165292,0.5254027261462205,0.0762864339690536,-6.473149573668925e-05,-0.1167168925583875,-0.4423408703310298,1176.0,1176.0,-0.1237508828450848,"{""lookback_hours"": 24, ""model_dir"": ""models/gru/candle_extended/sol""}",data/trading_logs/no_cost/long_only/gru/candle_extended/sol/trading_log.csv,feasible
SOL,GRU,ML,candle_extended,candle,extended,long_only,long,with_cost,0.52,,True,0.1392377005351382,0.5986301369863014,0.0798757082800219,0.001716135492743,1056.0,0.0668069918550379,-0.0240242504956855,0.5254027261462205,0.0762864339690536,-0.0003197500830972,-0.4147991604404787,-0.5934038853911092,1176.0,1176.0,-1.098437257071599,"{""lookback_hours"": 24, ""model_dir"": ""models/gru/candle_extended/sol""}",data/trading_logs/with_cost/long_only/gru/candle_extended/sol/trading_log.csv,feasible
SOL,GRU,ML,candle_raw,candle,raw,long_short,long_short,no_cost,0.51,0.5,True,-0.0139927642969252,0.7508875739644971,0.039933525907614,-0.000156360583895,639.0,0.0774228974100851,0.0200312039701701,0.7685185185185186,0.0055329033603592,0.0001661182048498,0.014481635191367,-0.1199841554914402,104.0,104.0,0.1880514131229105,"{""lookback_hours"": 24, ""model_dir"": ""models/gru/candle_raw/sol""}",data/trading_logs/no_cost/long_short/gru/candle_raw/sol/trading_log.csv,feasible
SOL,GRU,ML,candle_raw,candle,raw,long_short,long_short,with_cost,0.51,0.5,True,-0.0258691433302718,0.7508875739644971,0.039933525907614,-0.0002891620023347,639.0,0.0774228974100851,-0.0001030161887207,0.7685185185185186,0.0055329033603592,-8.542722143834252e-07,-0.0217839802926477,-0.1331487863519908,104.0,104.0,-0.1899510487837478,"{""lookback_hours"": 24, ""model_dir"": ""models/gru/candle_raw/sol""}",data/trading_logs/with_cost/long_short/gru/candle_raw/sol/trading_log.csv,feasible
SOL,GRU,ML,ohlc_raw,ohlc,raw,short_only,short,no_cost,,0.5,True,0.0015608401961946,0.5105740181268882,0.1270437887615109,1.1623051162780842e-05,458.0,0.1211677496110551,-0.0002244821059468,0.4850244498777506,0.2978603603603603,-2.0929508856102057e-06,-0.1382732863469344,-0.3403716446067837,2022.0,2022.0,-0.0114973225010188,"{""lookback_hours"": 24, ""model_dir"": ""models/gru/ohlc_raw/sol""}",data/trading_logs/no_cost/short_only/gru/ohlc_raw/sol/trading_log.csv,feasible
SOL,GRU,ML,ohlc_raw,ohlc,raw,short_only,short,with_cost,,0.5,True,-0.0065646078886735,0.5105740181268882,0.1270437887615109,-4.891320261365419e-05,458.0,0.1211677496110551,-0.0118183983296893,0.4850244498777506,0.2978603603603603,-0.0001102378164112,-0.5754648108629606,-0.5833507653477188,2022.0,2022.0,-1.1988698493650514,"{""lookback_hours"": 24, ""model_dir"": ""models/gru/ohlc_raw/sol""}",data/trading_logs/with_cost/short_only/gru/ohlc_raw/sol/trading_log.csv,feasible
SOL,LightGBM,ML,ohlc_extended,ohlc,extended,long_only,long,no_cost,0.6700000000000002,,True,0.251677858453291,0.62882096069869,0.0262677854797519,0.0036516687056818,384.0,0.0209132420091324,0.0492998106452817,0.573015873015873,0.0648580668343514,0.0005215700914548,0.3407921435460137,-0.2514171751295654,970.0,970.0,1.1062374439459852,"{""model_dir"": ""models/lightgbm/ohlc_extended/sol"", ""tree_device"": ""cpu""}",data/trading_logs/no_cost/long_only/lightgbm/ohlc_extended/sol/trading_log.csv,feasible
SOL,LightGBM,ML,ohlc_extended,ohlc,extended,long_only,long,with_cost,0.6700000000000002,,True,0.2314995395086018,0.62882096069869,0.0262677854797519,0.0033582189240224,384.0,0.0209132420091324,0.0238195411777562,0.573015873015873,0.0648580668343514,0.0002521256470103,-0.0452022522020308,-0.3576222745994932,970.0,970.0,-0.036730650067087,"{""model_dir"": ""models/lightgbm/ohlc_extended/sol"", ""tree_device"": ""cpu""}",data/trading_logs/with_cost/long_only/lightgbm/ohlc_extended/sol/trading_log.csv,feasible
SOL,LightGBM,ML,candle_extended,candle,extended,long_short,long_short,no_cost,0.6700000000000002,0.7400000000000002,True,0.1319341526633246,0.7396174863387979,0.0105118071156353,0.002036956768388,346.0,0.0176255707762557,0.1229310562076458,0.5669911157564672,0.0206617287690829,0.0014841674507008,0.7560062714361997,-0.1266997005155068,658.0,656.0,2.182888050163591,"{""model_dir"": ""models/lightgbm/candle_extended/sol"", ""tree_device"": ""cpu""}",data/trading_logs/no_cost/long_short/lightgbm/candle_extended/sol/trading_log.csv,feasible
SOL,LightGBM,ML,candle_extended,candle,extended,long_short,long_short,with_cost,0.6700000000000002,0.7400000000000002,True,0.1116224164650031,0.7396174863387979,0.0105118071156353,0.0017232261984398,346.0,0.0176255707762557,0.0988622267302695,0.5669911157564672,0.0206617287690829,0.0011938165735078,0.3949373817729893,-0.1988691356957538,658.0,656.0,1.3365441290865046,"{""model_dir"": ""models/lightgbm/candle_extended/sol"", ""tree_device"": ""cpu""}",data/trading_logs/with_cost/long_short/lightgbm/candle_extended/sol/trading_log.csv,feasible
SOL,LightGBM,ML,candle_extended,candle,extended,short_only,short,no_cost,,0.6800000000000002,True,0.1320046751869621,0.5773195876288659,0.0105006562910181,0.0014505572605917,176.0,0.0088584474885844,0.0017770742025332,0.5138339920948617,0.0243354548858105,1.883014820278501e-05,-0.0093050733903262,-0.1441181402991631,444.0,444.0,0.0253285686535028,"{""model_dir"": ""models/lightgbm/candle_extended/sol"", ""tree_device"": ""cpu""}",data/trading_logs/no_cost/short_only/lightgbm/candle_extended/sol/trading_log.csv,feasible
SOL,LightGBM,ML,candle_extended,candle,extended,short_only,short,with_cost,,0.6800000000000002,True,0.1031030910402259,0.5773195876288659,0.0105006562910181,0.0011330314873958,176.0,0.0088584474885844,-0.027202897627769,0.5138339920948617,0.0243354548858105,-0.0002882844763031,-0.1519243462274018,-0.1964094297535574,444.0,444.0,-0.8001180096350764,"{""model_dir"": ""models/lightgbm/candle_extended/sol"", ""tree_device"": ""cpu""}",data/trading_logs/with_cost/short_only/lightgbm/candle_extended/sol/trading_log.csv,feasible
SOL,Logistic Regression,ML,candle_extended,candle,extended,long_only,long,no_cost,0.54,,True,0.1482409113973199,0.6020942408376964,0.0629332360452389,0.0020409246845694,838.0,0.0523287671232876,0.0984552242868614,0.5589123867069486,0.0332375134746676,0.0014969176710493,0.5796242795509159,-0.17957683014228,542.0,542.0,1.5968253484247548,"{""model_dir"": ""models/logistic_regression/candle_extended/sol""}",data/trading_logs/no_cost/long_only/logistic_regression/candle_extended/sol/trading_log.csv,feasible
SOL,Logistic Regression,ML,candle_extended,candle,extended,long_only,long,with_cost,0.54,,True,0.1296416936452907,0.6020942408376964,0.0629332360452389,0.0017849910021959,838.0,0.0523287671232876,0.0796178726786787,0.5589123867069486,0.0332375134746676,0.0012103617798106,0.306806766272103,-0.1986402985411559,542.0,542.0,0.9869304941104304,"{""model_dir"": ""models/logistic_regression/candle_extended/sol""}",data/trading_logs/with_cost/long_only/logistic_regression/candle_extended/sol/trading_log.csv,feasible
SOL,Logistic Regression,ML,ohlc_raw,ohlc,raw,long_short,long_short,no_cost,0.51,0.5800000000000001,True,0.0734102115218632,0.7818471337579618,0.0323812421786029,0.001234171285556,954.0,0.0574429223744292,0.0754316644852939,0.4021084337349397,0.0579448375728284,0.0010508153640876,2.0396358712428992,-0.3376511937222757,1610.0,1607.0,2.29864883543204,"{""model_dir"": ""models/logistic_regression/ohlc_raw/sol""}",data/trading_logs/no_cost/long_short/logistic_regression/ohlc_raw/sol/trading_log.csv,feasible
SOL,Logistic Regression,ML,ohlc_raw,ohlc,raw,long_short,long_short,with_cost,0.51,0.5800000000000001,True,0.0575803074189659,0.7818471337579618,0.0323812421786029,0.0009687499818994,954.0,0.0574429223744292,0.0580277107661423,0.4021084337349397,0.0579448375728284,0.0008082767706057,0.730532428531395,-0.3991138914737741,1610.0,1607.0,1.2425273319997054,"{""model_dir"": ""models/logistic_regression/ohlc_raw/sol""}",data/trading_logs/with_cost/long_short/logistic_regression/ohlc_raw/sol/trading_log.csv,feasible
SOL,Logistic Regression,ML,candle_extended,candle,extended,short_only,short,no_cost,,0.5800000000000001,True,0.1373503976208584,0.5550660792951542,0.0236264766547909,0.0010251457959152,312.0,0.0207305936073059,0.0627934070674884,0.5514096185737977,0.1244852115312617,0.0006156319447854,0.982094216393636,-0.1274473378381853,1602.0,1602.0,1.9475656789673543,"{""model_dir"": ""models/logistic_regression/candle_extended/sol""}",data/trading_logs/no_cost/short_only/logistic_regression/candle_extended/sol/trading_log.csv,feasible
SOL,Logistic Regression,ML,candle_extended,candle,extended,short_only,short,with_cost,,0.5800000000000001,True,0.104965388003055,0.5550660792951542,0.0236264766547909,0.000784617161554,312.0,0.0207305936073059,0.0390415002400067,0.5514096185737977,0.1244852115312617,0.0003831692582182,0.1313314974211716,-0.2453154821484093,1602.0,1602.0,0.4765393075639321,"{""model_dir"": ""models/logistic_regression/candle_extended/sol""}",data/trading_logs/with_cost/short_only/logistic_regression/candle_extended/sol/trading_log.csv,feasible
SOL,RSI,Rule,rule_based,rule,rule,long_only,long,no_cost,0.7400000000000002,,True,0.0219617427444979,0.5293862502710909,0.4455192553385654,0.0002286148003193,1852.0,0.4213652563282463,0.0078493555438955,0.529253112033195,0.4584007187780772,7.485637338069591e-05,0.1521595028424425,-0.4847183661180115,1795.0,1795.0,0.4875502879287051,"{""window"": 7}",data/trading_logs/no_cost/long_only/rsi/rule_based/sol/trading_log.csv,feasible
SOL,RSI,Rule,rule_based,rule,rule,long_only,long,with_cost,0.7400000000000002,,True,0.0151998410208479,0.5293862502710909,0.4455192553385654,0.0001583263596339,1852.0,0.4213652563282463,0.0010118409495369,0.529253112033195,0.4584007187780772,9.64890450102788e-06,-0.3853210420592332,-0.6545123688338139,1795.0,1795.0,-0.3613755358040552,"{""window"": 7}",data/trading_logs/with_cost/long_only/rsi/rule_based/sol/trading_log.csv,feasible
SOL,RSI,Rule,rule_based,rule,rule,long_short,long_short,no_cost,0.7400000000000002,0.53,True,-0.004842854715089,0.5216175855672001,0.4908211776786654,-5.0253218796411634e-05,2547.0,0.9294526181120352,0.0066212146112197,0.5186860342140067,0.4901636277548556,6.087024006367091e-05,0.2105147316615954,-0.5846471743100632,3607.0,2381.0,0.6012044808004515,"{""window"": 7}",data/trading_logs/no_cost/long_short/rsi/rule_based/sol/trading_log.csv,feasible
SOL,RSI,Rule,rule_based,rule,rule,long_short,long_short,with_cost,0.7400000000000002,0.53,True,-0.0151275089327762,0.5216175855672001,0.4908211776786654,-0.0001570667081288,2547.0,0.9294526181120352,-0.004577051315539,0.5186860342140067,0.4901636277548556,-4.208092972566988e-05,-0.6575405819752026,-0.8043391181902695,3607.0,2381.0,-0.60919726023688,"{""window"": 7}",data/trading_logs/with_cost/long_short/rsi/rule_based/sol/trading_log.csv,feasible
SOL,RSI,Rule,rule_based,rule,rule,short_only,short,no_cost,,0.53,True,-0.0272143900451465,0.5138489208633094,0.5361231000187653,-0.0002815230814119,1915.0,0.5080873617837888,0.0054690049857363,0.5081189563948184,0.5219265367316341,4.8570812479642366e-05,0.0506485679067847,-0.4956698549119633,1812.0,1812.0,0.3622421047087162,"{""window"": 7}",data/trading_logs/no_cost/short_only/rsi/rule_based/sol/trading_log.csv,feasible
SOL,RSI,Rule,rule_based,rule,rule,short_only,short,with_cost,,0.53,True,-0.0330439326999893,0.5138489208633094,0.5361231000187653,-0.0003418288368076,1915.0,0.5080873617837888,-0.0010453231509787,0.5081189563948184,0.5219265367316341,-9.28359365062582e-06,-0.4428231057964185,-0.6228679403727264,1812.0,1812.0,-0.5006646430790818,"{""window"": 7}",data/trading_logs/with_cost/short_only/rsi/rule_based/sol/trading_log.csv,feasible
SOL,SMA,Rule,rule_based,rule,rule,long_only,long,no_cost,0.6300000000000001,,True,0.0385237144495003,0.5225225225225225,0.0637713029136888,0.0005846766001948,60.0,0.0610953123566645,0.0157564939948715,0.5495750708215298,0.0349801658853227,0.0002311568864459,0.0443436162843433,-0.2979361960757246,46.0,46.0,0.265686681745718,"{""long_window"": 50, ""short_window"": 30}",data/trading_logs/no_cost/long_only/sma/rule_based/sol/trading_log.csv,feasible
SOL,SMA,Rule,rule_based,rule,rule,long_only,long,with_cost,0.6300000000000001,,True,0.037498715634289,0.5225225225225225,0.0637713029136888,0.000568910834429,60.0,0.0610953123566645,0.0142041070571608,0.5495750708215298,0.0349801658853227,0.000208352353868,0.0276748932429904,-0.3008844516677549,46.0,46.0,0.2132961463393856,"{""long_window"": 50, ""short_window"": 30}",data/trading_logs/with_cost/long_only/sma/rule_based/sol/trading_log.csv,feasible
SOL,SMA,Rule,rule_based,rule,rule,long_short,long_short,no_cost,0.7400000000000002,0.53,True,-0.0169069909762311,0.5391544702513522,0.1477505696824376,-0.0001907943412858,200.0,0.2934593156591138,-0.0095416849459221,0.4382756036530376,0.1570966797554948,-0.0001031620317965,-0.4277827773629937,-0.5609321351730262,220.0,221.0,-0.5021012904087437,"{""long_window"": 50, ""short_window"": 30}",data/trading_logs/no_cost/long_short/sma/rule_based/sol/trading_log.csv,feasible
SOL,SMA,Rule,rule_based,rule,rule,long_short,long_short,with_cost,0.7400000000000002,0.53,True,-0.0178770815456937,0.5391544702513522,0.1477505696824376,-0.000201735260323,200.0,0.2934593156591138,-0.0105834193057526,0.4382756036530376,0.1570966797554948,-0.0001144359725975,-0.4705891797803296,-0.5828230150444177,220.0,221.0,-0.6117730973558783,"{""long_window"": 50, ""short_window"": 30}",data/trading_logs/with_cost/long_short/sma/rule_based/sol/trading_log.csv,feasible
SOL,SMA,Rule,rule_based,rule,rule,short_only,short,no_cost,,0.56,True,-0.0156261375597883,0.494593915011315,0.3757402101241642,-0.0001587227250556,84.0,0.3699190772951353,-0.0072988005563676,0.4858003442340792,0.4310805651011836,-7.348525635567266e-05,-0.439119690487876,-0.5243951839153184,100.0,100.0,-0.4491503534197677,"{""long_window"": 200, ""short_window"": 20}",data/trading_logs/no_cost/short_only/sma/rule_based/sol/trading_log.csv,feasible
SOL,SMA,Rule,rule_based,rule,rule,short_only,short,with_cost,,0.56,True,-0.0159907421636036,0.494593915011315,0.3757402101241642,-0.000162418978513,84.0,0.3699190772951353,-0.0076727882502163,0.4858003442340792,0.4310805651011836,-7.72503165966365e-05,-0.4584129145215497,-0.535254522915074,100.0,100.0,-0.4951738351928478,"{""long_window"": 200, ""short_window"": 20}",data/trading_logs/with_cost/short_only/sma/rule_based/sol/trading_log.csv,feasible
SOL,XGBoost,ML,ohlc_extended,ohlc,extended,long_only,long,no_cost,0.7400000000000002,,True,0.0505220589842971,0.55637707948244,0.0549069682597592,0.0006520581037161,886.0,0.0494063926940639,0.0388304534456456,0.5285493827160493,0.1230686309737693,0.0004038144336545,0.5732852356033054,-0.2612146001129439,1886.0,1886.0,1.2497967327866697,"{""model_dir"": ""models/xgboost/ohlc_extended/sol"", ""tree_device"": ""cpu""}",data/trading_logs/no_cost/long_only/xgboost/ohlc_extended/sol/trading_log.csv,feasible
SOL,XGBoost,ML,ohlc_extended,ohlc,extended,long_only,long,with_cost,0.7400000000000002,,True,0.0283369287872581,0.55637707948244,0.0549069682597592,0.0003654592127734,886.0,0.0494063926940639,0.0143415228022828,0.5285493827160493,0.1230686309737693,0.000149146223778,-0.186930160314177,-0.4902877188323243,1886.0,1886.0,-0.3266333680732131,"{""model_dir"": ""models/xgboost/ohlc_extended/sol"", ""tree_device"": ""cpu""}",data/trading_logs/with_cost/long_only/xgboost/ohlc_extended/sol/trading_log.csv,feasible
SOL,XGBoost,ML,ohlc_extended,ohlc,extended,long_short,long_short,no_cost,0.7400000000000002,0.7400000000000002,True,0.0502520075914246,0.5408163265306123,0.0491136360013744,0.0005781954063843,1591.0,0.0895890410958904,0.0277486002085569,0.5064813880762635,0.0926201197757201,0.0002717219293043,0.5584917838735097,-0.4180197781485648,2940.0,2868.0,1.1049955375061715,"{""model_dir"": ""models/xgboost/ohlc_extended/sol"", ""tree_device"": ""cpu""}",data/trading_logs/no_cost/long_short/xgboost/ohlc_extended/sol/trading_log.csv,feasible
SOL,XGBoost,ML,ohlc_extended,ohlc,extended,long_short,long_short,with_cost,0.7400000000000002,0.7400000000000002,True,0.024349951828694,0.5408163265306123,0.0491136360013744,0.0002799283319704,1591.0,0.0895890410958904,-4.508298637181425e-05,0.5064813880762635,0.0926201197757201,-4.414595004446693e-07,-0.4430854650886999,-0.6650814443255806,2940.0,2868.0,-1.0051629533403723,"{""model_dir"": ""models/xgboost/ohlc_extended/sol"", ""tree_device"": ""cpu""}",data/trading_logs/with_cost/long_short/xgboost/ohlc_extended/sol/trading_log.csv,feasible
SOL,XGBoost,ML,ohlc_extended,ohlc,extended,short_only,short,no_cost,,0.7400000000000002,True,0.0513548456088376,0.5260770975056689,0.0435027189199324,0.0004883090650446,732.0,0.0402739726027397,0.0074956666634684,0.4870689655172414,0.0634593785099213,6.537929427260094e-05,0.01927510324749,-0.2651779213557961,1066.0,1066.0,0.1769706184185328,"{""model_dir"": ""models/xgboost/ohlc_extended/sol"", ""tree_device"": ""cpu""}",data/trading_logs/no_cost/short_only/xgboost/ohlc_extended/sol/trading_log.csv,feasible
SOL,XGBoost,ML,ohlc_extended,ohlc,extended,short_only,short,with_cost,,0.7400000000000002,True,0.0208205894159274,0.5260770975056689,0.0435027189199324,0.0001978328745684,732.0,0.0402739726027397,-0.0232257261956428,0.4870689655172414,0.0634593785099213,-0.0002026523149228,-0.2981863185971755,-0.4004263831879555,1066.0,1066.0,-1.272637358335944,"{""model_dir"": ""models/xgboost/ohlc_extended/sol"", ""tree_device"": ""cpu""}",data/trading_logs/with_cost/short_only/xgboost/ohlc_extended/sol/trading_log.csv,feasible
XRP,GRU,ML,candle_extended,candle,extended,long_only,long,no_cost,0.56,,True,-0.0054427004932181,0.6634615384615384,0.0125958378970427,-0.000138012151627,176.0,0.0095177084286629,0.0657073509416643,0.5822784810126582,0.0167211922937113,0.0012724842271128,0.1861145826924179,-0.167771201815519,288.0,288.0,0.7401765463955752,"{""lookback_hours"": 24, ""model_dir"": ""models/gru/candle_extended/xrp""}",data/trading_logs/no_cost/long_only/gru/candle_extended/xrp/trading_log.csv,feasible
XRP,GRU,ML,candle_extended,candle,extended,long_only,long,with_cost,0.56,,True,-0.0170993863688414,0.6634615384615384,0.0125958378970427,-0.0004341659977809,176.0,0.0095177084286629,0.049212218781529,0.5822784810126582,0.0167211922937113,0.0009534968853406,0.0723844274945082,-0.1700060593368616,288.0,288.0,0.3691909184282689,"{""lookback_hours"": 24, ""model_dir"": ""models/gru/candle_extended/xrp""}",data/trading_logs/with_cost/long_only/gru/candle_extended/xrp/trading_log.csv,feasible
XRP,GRU,ML,ohlc_extended,ohlc,extended,long_short,long_short,no_cost,0.55,0.5800000000000001,True,-0.0078407865586332,0.8048780487804879,0.0115042582598978,-0.000160624847426,328.0,0.0188523840029285,0.0125620028665441,0.5561280824438719,0.0146324268135693,0.0001587047325563,0.0222779665804873,-0.194069271715878,436.0,436.0,0.1885051771644775,"{""lookback_hours"": 24, ""model_dir"": ""models/gru/ohlc_extended/xrp""}",data/trading_logs/no_cost/long_short/gru/ohlc_extended/xrp/trading_log.csv,feasible
XRP,GRU,ML,ohlc_extended,ohlc,extended,long_short,long_short,with_cost,0.55,0.5800000000000001,True,-0.0214195946325782,0.8048780487804879,0.0115042582598978,-0.000439265624125,328.0,0.0188523840029285,-0.0090099885258012,0.5561280824438719,0.0146324268135693,-0.0001137952674436,-0.1224081831888661,-0.2541904250592138,436.0,436.0,-0.4588540865922004,"{""lookback_hours"": 24, ""model_dir"": ""models/gru/ohlc_extended/xrp""}",data/trading_logs/with_cost/long_short/gru/ohlc_extended/xrp/trading_log.csv,feasible
XRP,GRU,ML,candle_extended,candle,extended,short_only,short,no_cost,,0.54,True,-0.0453441714862292,0.595166163141994,0.0374240121580547,-0.0008181658225194,438.0,0.0302919374027637,-0.0249240716282393,0.5418894830659536,0.1693278871147419,-0.0002942553330858,-0.4591620392959756,-0.5026271352739657,2322.0,2322.0,-0.9154147846480456,"{""lookback_hours"": 24, ""model_dir"": ""models/gru/candle_extended/xrp""}",data/trading_logs/no_cost/short_only/gru/candle_extended/xrp/trading_log.csv,feasible
XRP,GRU,ML,candle_extended,candle,extended,short_only,short,with_cost,,0.54,True,-0.0581961612010569,0.595166163141994,0.0374240121580547,-0.0010497368194982,438.0,0.0302919374027637,-0.0453651452258702,0.5418894830659536,0.1693278871147419,-0.0005356991833532,-0.7601349930168371,-0.7709149006218544,2322.0,2322.0,-2.415360127496698,"{""lookback_hours"": 24, ""model_dir"": ""models/gru/candle_extended/xrp""}",data/trading_logs/with_cost/short_only/gru/candle_extended/xrp/trading_log.csv,feasible
XRP,LightGBM,ML,candle_extended,candle,extended,long_only,long,no_cost,0.7100000000000002,,True,0.0274982747400043,0.651685393258427,0.0105685131195335,0.0006367235614654,136.0,0.0081278538812785,0.1150478850075652,0.6173913043478261,0.0128809869375907,0.002831926319098,0.33687972666146,-0.1819436283993967,202.0,202.0,1.1009292648931337,"{""model_dir"": ""models/lightgbm/candle_extended/xrp"", ""tree_device"": ""cpu""}",data/trading_logs/no_cost/long_only/lightgbm/candle_extended/xrp/trading_log.csv,feasible
XRP,LightGBM,ML,candle_extended,candle,extended,long_only,long,with_cost,0.7100000000000002,,True,0.0159318832659594,0.651685393258427,0.0105685131195335,0.0003693078311284,136.0,0.0081278538812785,0.1025210840341679,0.6173913043478261,0.0128809869375907,0.0025245350147501,0.2456828589515385,-0.1837167434131822,202.0,202.0,0.8626732045414264,"{""model_dir"": ""models/lightgbm/candle_extended/xrp"", ""tree_device"": ""cpu""}",data/trading_logs/with_cost/long_only/lightgbm/candle_extended/xrp/trading_log.csv,feasible
XRP,LightGBM,ML,candle_extended,candle,extended,long_short,long_short,no_cost,0.7200000000000002,0.7000000000000002,True,0.0467194181439754,0.6215686274509804,0.0106352380657667,0.0008247946649593,344.0,0.0171689497716894,0.0365402746686062,0.5564855046655744,0.0183097290499692,0.0006429232475184,0.2031722415239147,-0.3099586008687768,664.0,664.0,0.6366051767251617,"{""model_dir"": ""models/lightgbm/candle_extended/xrp"", ""tree_device"": ""cpu""}",data/trading_logs/no_cost/long_short/lightgbm/candle_extended/xrp/trading_log.csv,feasible
XRP,LightGBM,ML,candle_extended,candle,extended,long_short,long_short,with_cost,0.7200000000000002,0.7000000000000002,True,0.028557352554324,0.6215686274509804,0.0106352380657667,0.0005045818990018,344.0,0.0171689497716894,0.0191179402030573,0.5564855046655744,0.0183097290499692,0.0003363269414498,-0.0463073165947068,-0.3553202799033806,664.0,664.0,0.0294515027046985,"{""model_dir"": ""models/lightgbm/candle_extended/xrp"", ""tree_device"": ""cpu""}",data/trading_logs/with_cost/long_short/lightgbm/candle_extended/xrp/trading_log.csv,feasible
XRP,LightGBM,ML,ohlc_raw,ohlc,raw,short_only,short,no_cost,,0.6700000000000002,True,-0.0620153894623555,0.574468085106383,0.0102350265352539,-0.0014767092830726,174.0,0.0085844748858447,0.0004580286482396,0.4935591603053435,0.3832191146508613,5.128914705859598e-06,-0.2153898763364495,-0.4168921060808722,3040.0,3040.0,0.02652409443418,"{""model_dir"": ""models/lightgbm/ohlc_raw/xrp"", ""tree_device"": ""cpu""}",data/trading_logs/no_cost/short_only/lightgbm/ohlc_raw/xrp/trading_log.csv,feasible
XRP,LightGBM,ML,ohlc_raw,ohlc,raw,short_only,short,with_cost,,0.6700000000000002,True,-0.0757205852034435,0.574468085106383,0.0102350265352539,-0.0018006454532853,174.0,0.0085844748858447,-0.0108740365155486,0.4935591603053435,0.3832191146508613,-0.0001217794822407,-0.7293183058811662,-0.7482202882963047,3040.0,3040.0,-1.2857532551109363,"{""model_dir"": ""models/lightgbm/ohlc_raw/xrp"", ""tree_device"": ""cpu""}",data/trading_logs/with_cost/short_only/lightgbm/ohlc_raw/xrp/trading_log.csv,feasible
XRP,Logistic Regression,ML,ohlc_raw,ohlc,raw,long_only,long,no_cost,0.54,,True,-0.0462190761534613,0.6547619047619048,0.0100218658892128,-0.00113357825222,154.0,0.0076712328767123,0.1235052908551638,0.5902004454342984,0.048076923076923,0.0022861068478822,1.5800164905348182,-0.2933038709896653,808.0,808.0,2.3260441338080624,"{""model_dir"": ""models/logistic_regression/ohlc_raw/xrp""}",data/trading_logs/no_cost/long_only/logistic_regression/ohlc_raw/xrp/trading_log.csv,feasible
XRP,Logistic Regression,ML,ohlc_raw,ohlc,raw,long_only,long,with_cost,0.54,,True,-0.0592521051803433,0.6547619047619048,0.0100218658892128,-0.0014544115855533,154.0,0.0076712328767123,0.10642828944128,0.5902004454342984,0.048076923076923,0.0019711847988844,0.9447416587722725,-0.3262686465313816,808.0,808.0,1.6869491690935725,"{""model_dir"": ""models/logistic_regression/ohlc_raw/xrp""}",data/trading_logs/with_cost/long_only/logistic_regression/ohlc_raw/xrp/trading_log.csv,feasible
XRP,Logistic Regression,ML,ohlc_extended,ohlc,extended,long_short,long_short,no_cost,0.6500000000000001,0.5800000000000001,True,0.0022356602290755,0.8280254777070064,0.0102167220727779,5.05603176902622e-05,234.0,0.0147945205479452,0.0238370530598043,0.6356404881335629,0.1110804297468407,0.0002565904724683,0.5468920586671455,-0.321312184443804,2214.0,2210.0,1.0005650359650695,"{""model_dir"": ""models/logistic_regression/ohlc_extended/xrp""}",data/trading_logs/no_cost/long_short/logistic_regression/ohlc_extended/xrp/trading_log.csv,feasible
XRP,Logistic Regression,ML,ohlc_extended,ohlc,extended,long_short,long_short,with_cost,0.6500000000000001,0.5800000000000001,True,-0.008953991493429,0.8280254777070064,0.0102167220727779,-0.0002022174600875,234.0,0.0147945205479452,0.0074390583939156,0.6356404881335629,0.1110804297468407,8.008116697580401e-05,-0.2873207575229111,-0.4962872558501124,2214.0,2210.0,-0.3710195288472961,"{""model_dir"": ""models/logistic_regression/ohlc_extended/xrp""}",data/trading_logs/with_cost/long_short/logistic_regression/ohlc_extended/xrp/trading_log.csv,feasible
XRP,Logistic Regression,ML,ohlc_extended,ohlc,extended,short_only,short,no_cost,,0.5800000000000001,True,-0.0393662301742675,0.6560509554140127,0.0195223654283548,-0.0008604812632437,224.0,0.0143378995433789,0.0154086296233518,0.5415512465373962,0.2172624560103722,0.0001554786467035,0.2533645919176273,-0.3618934308994945,2154.0,2154.0,0.6414128413449673,"{""model_dir"": ""models/logistic_regression/ohlc_extended/xrp""}",data/trading_logs/no_cost/short_only/logistic_regression/ohlc_extended/xrp/trading_log.csv,feasible
XRP,Logistic Regression,ML,ohlc_extended,ohlc,extended,short_only,short,with_cost,,0.5800000000000001,True,-0.0508569797120568,0.6560509554140127,0.0195223654283548,-0.0011101627919061,224.0,0.0143378995433789,-0.0018379659426413,0.5415512465373962,0.2172624560103722,-1.855182421058184e-05,-0.4103482320724941,-0.5336166723811946,2154.0,2154.0,-0.7940854923104078,"{""model_dir"": ""models/logistic_regression/ohlc_extended/xrp""}",data/trading_logs/with_cost/short_only/logistic_regression/ohlc_extended/xrp/trading_log.csv,feasible
XRP,RSI,Rule,rule_based,rule,rule,long_only,long,no_cost,0.6900000000000002,,True,0.0161628618778522,0.549043549043549,0.4917973022238425,0.0001284287963732,2062.0,0.4490541898930823,0.0158818430376836,0.5310330747243773,0.4720508166969147,0.0001644242847764,0.721770438706159,-0.3814839361518219,1899.0,1899.0,0.9943715559636116,"{""window"": 7}",data/trading_logs/no_cost/long_only/rsi/rule_based/xrp/trading_log.csv,feasible
XRP,RSI,Rule,rule_based,rule,rule,long_only,long,with_cost,0.6900000000000002,,True,0.006919276530754,0.549043549043549,0.4917973022238425,5.499574794015828e-05,2062.0,0.4490541898930823,0.0093262942021553,0.5310330747243773,0.4720508166969147,9.653943381689538e-05,-0.1141999353291652,-0.5630037206540575,1899.0,1899.0,0.173736852475072,"{""window"": 7}",data/trading_logs/with_cost/long_only/rsi/rule_based/xrp/trading_log.csv,feasible
XRP,RSI,Rule,rule_based,rule,rule,long_short,long_short,no_cost,0.7200000000000002,0.7300000000000002,True,0.0104592472120028,0.5377074044822288,0.4408324842729083,8.99378780372654e-05,2530.0,0.8059619604974396,-0.0063091396459506,0.5235711648024948,0.4346806401246026,-6.5783543679304e-05,-0.6637743536744731,-0.7748383133325834,2547.0,2298.0,-0.5370419169384938,"{""window"": 14}",data/trading_logs/no_cost/long_short/rsi/rule_based/xrp/trading_log.csv,feasible
XRP,RSI,Rule,rule_based,rule,rule,long_short,long_short,with_cost,0.7200000000000002,0.7300000000000002,True,0.003038064180108,0.5377074044822288,0.4408324842729083,2.612462639215536e-05,2530.0,0.8059619604974396,-0.0119682901860897,0.5235711648024948,0.4346806401246026,-0.0001247810014,-0.8622363065147788,-0.8942879161474746,2547.0,2298.0,-1.342150409346022,"{""window"": 14}",data/trading_logs/with_cost/long_short/rsi/rule_based/xrp/trading_log.csv,feasible
XRP,RSI,Rule,rule_based,rule,rule,short_only,short,no_cost,,0.7300000000000002,True,-0.0021481257260119,0.5265858208955224,0.4284629981024668,-1.9502851766339783e-05,1352.0,0.3920994879297732,-0.0204640787551853,0.5174328225627359,0.4322018178445557,-0.0002151740376099,-0.7047776333214418,-0.8010035387356633,1274.0,1275.0,-1.2288563995000583,"{""window"": 14}",data/trading_logs/no_cost/short_only/rsi/rule_based/xrp/trading_log.csv,feasible
XRP,RSI,Rule,rule_based,rule,rule,short_only,short,with_cost,,0.7300000000000002,True,-0.0082256489816581,0.5265858208955224,0.4284629981024668,-7.468009057230989e-05,1352.0,0.3920994879297732,-0.0251811622806631,0.5174328225627359,0.4322018178445557,-0.0002647632003903,-0.8111352915119516,-0.8586149158200082,1274.0,1275.0,-1.7951694345979603,"{""window"": 14}",data/trading_logs/with_cost/short_only/rsi/rule_based/xrp/trading_log.csv,feasible
XRP,SMA,Rule,rule_based,rule,rule,long_only,long,no_cost,0.6800000000000002,,True,0.0258474911963766,0.5341463414634147,0.0400878638110928,0.0004232952161745,56.0,0.0376112283276763,0.0578202105205201,0.5005359056806002,0.085032774945375,0.0009873411260893,1.193633335730087,-0.3322419908988374,92.0,92.0,1.5814262723401515,"{""long_window"": 50, ""short_window"": 10}",data/trading_logs/no_cost/long_only/sma/rule_based/xrp/trading_log.csv,feasible
XRP,SMA,Rule,rule_based,rule,rule,long_only,long,with_cost,0.6800000000000002,,True,0.024399096596182,0.5341463414634147,0.0400878638110928,0.0003993927771501,56.0,0.0376112283276763,0.0568212794029005,0.5005359056806002,0.085032774945375,0.000970084963174,1.1242556998231308,-0.3364439491557729,92.0,92.0,1.526516437381704,"{""long_window"": 50, ""short_window"": 10}",data/trading_logs/with_cost/long_only/sma/rule_based/xrp/trading_log.csv,feasible
XRP,SMA,Rule,rule_based,rule,rule,long_short,long_short,no_cost,0.7000000000000002,0.5700000000000001,True,-0.0133374693583698,0.5234566079109387,0.0344053286984462,-0.0001617186946916,76.0,0.0677919456930556,-0.0184688958684779,0.5066669027049993,0.0663109374709721,-0.0003105803894783,-0.4824716512459777,-0.6903920780339574,132.0,133.0,-0.6322132767203741,"{""long_window"": 50, ""short_window"": 30}",data/trading_logs/no_cost/long_short/sma/rule_based/xrp/trading_log.csv,feasible
XRP,SMA,Rule,rule_based,rule,rule,long_short,long_short,with_cost,0.7000000000000002,0.5700000000000001,True,-0.0148219435760345,0.5234566079109387,0.0344053286984462,-0.0001797159883317,76.0,0.0677919456930556,-0.0194262464614018,0.5066669027049993,0.0663109374709721,-0.0003266640657472,-0.5061820175495784,-0.7023038202615532,132.0,133.0,-0.6977097106687302,"{""long_window"": 50, ""short_window"": 30}",data/trading_logs/with_cost/long_short/sma/rule_based/xrp/trading_log.csv,feasible
XRP,SMA,Rule,rule_based,rule,rule,short_only,short,no_cost,,0.7100000000000002,True,0.0098083541564119,0.4934497816593886,0.0215115172282505,0.0001695368491531,24.0,0.0210072470415558,-0.0926033719292542,0.4686774941995359,0.037609383727425,-0.00185881269647,-0.5887846169303095,-0.6228553934408536,60.0,61.0,-1.7180811074690336,"{""long_window"": 50, ""short_window"": 10}",data/trading_logs/no_cost/short_only/sma/rule_based/xrp/trading_log.csv,feasible
XRP,SMA,Rule,rule_based,rule,rule,short_only,short,with_cost,,0.7100000000000002,True,0.0087506744142771,0.4934497816593886,0.0215115172282505,0.0001511962377994,24.0,0.0210072470415558,-0.0938479571409465,0.4686774941995359,0.037609383727425,-0.0018839867103911,-0.5976299407842192,-0.6294191732869464,60.0,61.0,-1.764231354288812,"{""long_window"": 50, ""short_window"": 10}",data/trading_logs/with_cost/short_only/sma/rule_based/xrp/trading_log.csv,feasible
XRP,XGBoost,ML,candle_extended,candle,extended,long_only,long,no_cost,0.7200000000000002,,True,0.027505375215693,0.5636588380716935,0.0830903790087463,0.0002515847244415,1302.0,0.0738812785388127,0.0356984445283124,0.5405071119356833,0.1585631349782293,0.000404825018774,0.7329771436959815,-0.2725245762283922,2210.0,2210.0,1.283477483114924,"{""model_dir"": ""models/xgboost/candle_extended/xrp"", ""tree_device"": ""cpu""}",data/trading_logs/no_cost/long_only/xgboost/candle_extended/xrp/trading_log.csv,feasible
XRP,XGBoost,ML,candle_extended,candle,extended,long_only,long,with_cost,0.7200000000000002,,True,-0.0032869822206959,0.5636588380716935,0.0830903790087463,-3.0059280502799612e-05,1302.0,0.0738812785388127,0.0146051458909663,0.5405071119356833,0.1585631349782293,0.0001656475295965,-0.2004348947647012,-0.4339789832839871,2210.0,2210.0,-0.2331169171800083,"{""model_dir"": ""models/xgboost/candle_extended/xrp"", ""tree_device"": ""cpu""}",data/trading_logs/with_cost/long_only/xgboost/candle_extended/xrp/trading_log.csv,feasible
XRP,XGBoost,ML,ohlc_raw,ohlc,raw,long_short,long_short,no_cost,0.7400000000000002,0.7300000000000002,True,-0.0227238026015942,0.5506468965727435,0.0373498067048762,-0.0003062900641875,1245.0,0.0669406392694064,-0.0043849353893799,0.4936376743466122,0.1786781827575982,-5.069857724199858e-05,-0.3718380851721644,-0.5430156110539148,4593.0,4458.0,-0.2467707302212162,"{""model_dir"": ""models/xgboost/ohlc_raw/xrp"", ""tree_device"": ""cpu""}",data/trading_logs/no_cost/long_short/xgboost/ohlc_raw/xrp/trading_log.csv,feasible
XRP,XGBoost,ML,ohlc_raw,ohlc,raw,long_short,long_short,with_cost,0.7400000000000002,0.7300000000000002,True,-0.0454813496432574,0.5506468965727435,0.0373498067048762,-0.0006128384952926,1245.0,0.0669406392694064,-0.0229820097133569,0.4936376743466122,0.1786781827575982,-0.0002657023660775,-0.8741724081607283,-0.8769094665770992,4593.0,4458.0,-2.222806319864504,"{""model_dir"": ""models/xgboost/ohlc_raw/xrp"", ""tree_device"": ""cpu""}",data/trading_logs/with_cost/long_short/xgboost/ohlc_raw/xrp/trading_log.csv,feasible
XRP,XGBoost,ML,ohlc_raw,ohlc,raw,short_only,short,no_cost,,0.7300000000000002,True,-0.0511281538774837,0.5562700964630225,0.0327899924184988,-0.0009139941548494,542.0,0.0284018264840182,-0.0147194532846478,0.4850094876660341,0.2367105019448045,-0.0001972452686505,-0.5304809167209682,-0.6249593407276577,2184.0,2184.0,-0.6757937679070355,"{""model_dir"": ""models/xgboost/ohlc_raw/xrp"", ""tree_device"": ""cpu""}",data/trading_logs/no_cost/short_only/xgboost/ohlc_raw/xrp/trading_log.csv,feasible
XRP,XGBoost,ML,ohlc_raw,ohlc,raw,short_only,short,with_cost,,0.7300000000000002,True,-0.0682380694030971,0.5562700964630225,0.0327899924184988,-0.0012189780776789,542.0,0.0284018264840182,-0.0255421635844884,0.4850094876660341,0.2367105019448045,-0.0003422927069807,-0.7814449045830744,-0.793990756761682,2184.0,2184.0,-1.6692312145009307,"{""model_dir"": ""models/xgboost/ohlc_raw/xrp"", ""tree_device"": ""cpu""}",data/trading_logs/with_cost/short_only/xgboost/ohlc_raw/xrp/trading_log.csv,feasible
