Bundle,Input Type,Validation Sharpe,Validation Precision,Validation Recall,Validation Avg Return,Test Sharpe,Test Precision,Test Recall,Test Avg Return,Scope,Strategy_Mode,Cost_Regime,Feature Type,Model
table10_feasible,candle,0.0326297104707469,0.5669380827519088,0.1009788181490177,0.0004496865978092,0.0195189750472772,0.5425039156989487,0.0988551781917775,0.0004010794743338,all_assets,long_only,with_cost,,
table10_feasible,ohlc,0.0336742964778836,0.5720070902572252,0.0576436958690461,0.0003841279442971,0.02551553476379,0.5629037407915386,0.0854885558639714,0.0004245416514019,all_assets,long_only,with_cost,,
table10_feasible,candle,0.0644921192442962,0.5669380827519088,0.1009788181490177,0.0007062540761924,0.0484455335657342,0.5425039156989487,0.0988551781917775,0.0006575735212576,all_assets,long_only,no_cost,,
table10_feasible,ohlc,0.0676302712225456,0.5720070902572252,0.0576436958690461,0.0006355980378024,0.0590779083468083,0.5629037407915386,0.0854885558639714,0.0006646206094837,all_assets,long_only,no_cost,,
table10_feasible,candle,0.0015757982347307,0.5501469340184544,0.0711524608534962,-1.4572710711323354e-05,-0.0131621785310049,0.5150343389703946,0.2116412242824555,-0.0001710221232103,all_assets,short_only,with_cost,,
table10_feasible,ohlc,0.0194393617199962,0.5657000472922786,0.0495229727906326,-3.902008477775409e-05,-0.0367616976914648,0.5116100089169091,0.1548875587346637,-0.0002556431370076,all_assets,short_only,with_cost,,
table10_feasible,candle,0.0358646388309614,0.5501469340184544,0.0711524608534962,0.0002477115265006,0.0141493996282737,0.5150343389703946,0.2116412242824555,3.0261697074425147e-05,all_assets,short_only,no_cost,,
table10_feasible,ohlc,0.0553749921466689,0.5657000472922786,0.0495229727906326,0.0002204821495924,-0.0091740527675771,0.5116100089169091,0.1548875587346637,-5.345976233703264e-05,all_assets,short_only,no_cost,,
table10_feasible,candle,0.0117216709386444,0.6581716416277814,0.0712717712229378,0.0001556199010229,0.0046938102821142,0.5666581787256445,0.134321799285309,4.338081058348383e-05,all_assets,long_short,with_cost,,
table10_feasible,ohlc,0.0374189538883893,0.6473027747328868,0.0709518081218059,0.0002129212567555,-0.0006423700451978,0.5213302166033312,0.1234048381797582,-4.568025888123555e-05,all_assets,long_short,with_cost,,
table10_feasible,candle,0.0429735541605448,0.6581716416277814,0.0712717712229378,0.0004152381155602,0.0303012165698755,0.5666581787256445,0.134321799285309,0.0002642712424155,all_assets,long_short,no_cost,,
table10_feasible,ohlc,0.0766537492584087,0.6473027747328868,0.0709518081218059,0.0004570525693876,0.0243457693524913,0.5213302166033312,0.1234048381797582,0.000151486097609,all_assets,long_short,no_cost,,
table10_feasible,candle,0.0421680557212978,0.5706433062320808,0.1064904824388668,0.0002968611143841,0.0011025026831997,0.5296768912620909,0.1258487686814207,5.626433657182255e-05,btc,long_only,with_cost,,
table10_feasible,ohlc,0.0182943798487896,0.5692067003656707,0.0665158813574659,0.0001402942220154,0.0256257289358247,0.6145294523877256,0.055857112147866,0.000747739036832,btc,long_only,with_cost,,
table10_feasible,candle,0.090681394091301,0.5706433062320808,0.1064904824388668,0.0005640399989662,0.0451679943695741,0.5296768912620909,0.1258487686814207,0.0003023989741561,btc,long_only,no_cost,,
table10_feasible,ohlc,0.0722061025445844,0.5692067003656707,0.0665158813574659,0.0003838469957795,0.0792779697165868,0.6145294523877256,0.055857112147866,0.001002820052561,btc,long_only,no_cost,,
table10_feasible,candle,0.0203002844280102,0.563937576884633,0.069197197393017,0.0001282760656969,0.0002022065499938,0.5300971740666836,0.2327815013196922,-2.0718522523392617e-05,btc,short_only,with_cost,,
table10_feasible,ohlc,-0.0096829820976101,0.560747454238833,0.1048689590627434,-4.1602075683375425e-05,-0.0296990604537736,0.5128841285604364,0.2280195456798259,-0.0001264988785953,btc,short_only,with_cost,,
table10_feasible,candle,0.0709848849973456,0.563937576884633,0.069197197393017,0.0004208290103001,0.051483684750353,0.5300971740666836,0.2327815013196922,0.0001961159615787,btc,short_only,no_cost,,
table10_feasible,ohlc,0.0356962665694278,0.560747454238833,0.1048689590627434,0.0001928897990666,0.0101177951662508,0.5128841285604364,0.2280195456798259,5.663522262591886e-05,btc,short_only,no_cost,,
table10_feasible,candle,0.0074929309330725,0.6589138188443773,0.0746924845371162,7.537508986558576e-05,0.0142519466228048,0.5506620025732785,0.1109966578277275,9.234959591030504e-05,btc,long_short,with_cost,,
table10_feasible,ohlc,0.0086486281743014,0.6762628176906886,0.1137197608688962,3.8860096740853545e-05,0.0026862710772032,0.5360347623756052,0.1141311160566051,-7.637282997399726e-06,btc,long_short,with_cost,,
table10_feasible,candle,0.0519578289154784,0.6589138188443773,0.0746924845371162,0.0003547349453308,0.0603371288904988,0.5506620025732785,0.1109966578277275,0.0003509931071291,btc,long_short,no_cost,,
table10_feasible,ohlc,0.0622333033309264,0.6762628176906886,0.1137197608688962,0.0002717819845691,0.0472127777917026,0.5360347623756052,0.1141311160566051,0.0001990357632546,btc,long_short,no_cost,,
table10_feasible,candle,-0.0210534813708503,0.5446407277498377,0.1038050765337163,-0.0001517748450493,-0.0366418349259002,0.5232742425692397,0.0781477863260597,-0.0002948305235149,eth,long_only,with_cost,,
table10_feasible,ohlc,0.0105908389652964,0.5595781546429995,0.0733173976924445,0.0001533988729228,-0.0029100076176078,0.5386356728179059,0.1309891494760414,-6.64304609029114e-07,eth,long_only,with_cost,,
table10_feasible,candle,0.0109111818224177,0.5446407277498377,0.1038050765337163,0.0001128083397862,-0.0077640477039146,0.5232742425692397,0.0781477863260597,-2.0880794435454965e-05,eth,long_only,no_cost,,
table10_feasible,ohlc,0.040331292544095,0.5595781546429995,0.0733173976924445,0.0003876332423748,0.0289960246770012,0.5386356728179059,0.1309891494760414,0.0002262809170073,eth,long_only,no_cost,,
table10_feasible,candle,-0.0158881996693764,0.5499913467432533,0.1234552062267368,-8.46531142133447e-05,-0.0077292745708414,0.5245019950498454,0.2031510087355763,-9.239978736115294e-05,eth,short_only,with_cost,,
table10_feasible,ohlc,0.0540906020055112,0.585367561816559,0.0383778386871756,0.0003886752785171,-0.0676249333321108,0.519579213546103,0.0784408233052851,-0.0003549186860798,eth,short_only,with_cost,,
table10_feasible,candle,0.023710447351706,0.5499913467432533,0.1234552062267368,0.0001606810946633,0.0160626477279602,0.5245019950498454,0.2031510087355763,0.0001128888232783,eth,short_only,no_cost,,
table10_feasible,ohlc,0.1005882174074484,0.585367561816559,0.0383778386871756,0.0006502106112894,-0.0333422289159738,0.519579213546103,0.0784408233052851,-0.0001224460076764,eth,short_only,no_cost,,
table10_feasible,candle,-0.0116612619872598,0.6508835190032148,0.0691291872497018,-6.350176296207477e-05,-0.0073012625214819,0.5588558147360911,0.1093487730679723,-4.674540893250643e-05,eth,long_short,with_cost,,
table10_feasible,ohlc,0.0183945966350489,0.6305245234666057,0.0557829680262875,0.0001023815861953,-0.0250438196039943,0.4838001281139029,0.0944341706775768,-0.0001861870273555,eth,long_short,with_cost,,
table10_feasible,candle,0.0213156888770132,0.6508835190032148,0.0691291872497018,0.0001950552332876,0.0162871683188872,0.5588558147360911,0.1093487730679723,0.000189177336099,eth,long_short,no_cost,,
table10_feasible,ohlc,0.0564144532269601,0.6305245234666057,0.0557829680262875,0.0003411233208399,0.0011134608407005,0.4838001281139029,0.0944341706775768,3.1634003174010224e-05,eth,long_short,no_cost,,
table10_feasible,candle,0.0037011294366224,0.5943071171240706,0.0975167649793449,0.0001920438211982,0.0787758547160804,0.571679055128653,0.0450667530055042,0.0013447050862495,xrp,long_only,with_cost,,
table10_feasible,ohlc,0.0014596576463274,0.5955451156044724,0.0309164949620906,-4.282038555148126e-05,0.092047102443591,0.5718750583443339,0.0353779355336679,0.0010234072106175,xrp,long_only,with_cost,,
table10_feasible,candle,0.0218443039513432,0.5943071171240706,0.0975167649793449,0.0004292710878253,0.1005423680546437,0.571679055128653,0.0450667530055042,0.0016152222146881,xrp,long_only,no_cost,,
table10_feasible,ohlc,0.0242570086406759,0.5955451156044724,0.0309164949620906,0.0002363073356171,0.1237176275799621,0.5718750583443339,0.0353779355336679,0.0012990610285166,xrp,long_only,no_cost,,
table10_feasible,candle,-0.0214215486515601,0.5591610321849553,0.0447082087032867,-0.0003272062902568,-0.0316926555425766,0.504681506197276,0.2736544729473977,-0.0004880620344588,xrp,short_only,with_cost,,
table10_feasible,ohlc,-0.0152192839424063,0.5745824810165175,0.0255595713859398,-0.0009934467487077,-0.0305906029119043,0.4972919567352754,0.2545370606444909,-0.0005036645455135,xrp,short_only,with_cost,,
table10_feasible,candle,-0.0015648030279455,0.5591610321849553,0.0447082087032867,-6.151873409050699e-05,-0.0204353257216059,0.504681506197276,0.2736544729473977,-0.0003030920231813,xrp,short_only,no_cost,,
table10_feasible,ohlc,0.004558261448643,0.5745824810165175,0.0255595713859398,-0.0007157591156162,-0.0235261031682269,0.4972919567352754,0.2545370606444909,-0.0003518948270112,xrp,short_only,no_cost,,
table10_feasible,candle,-0.0137273917687081,0.6495031954597561,0.0333116542002925,-0.0001619596315944,-0.0169470152095341,0.566884540488974,0.1555846576961201,-0.0002388367637511,xrp,long_short,with_cost,,
table10_feasible,ohlc,0.0318948287815781,0.658040593059494,0.0253465466636681,-0.0001540882276081,0.017628298776997,0.5657043535910212,0.1424363556396202,-6.515882477836675e-05,xrp,long_short,with_cost,,
table10_feasible,candle,0.0044567666567579,0.6495031954597561,0.0333116542002925,0.0001035704533171,-0.00543934491846,0.566884540488974,0.1555846576961201,-4.3626359161561154e-05,xrp,long_short,no_cost,,
table10_feasible,ohlc,0.0564986921409592,0.658040593059494,0.0253465466636681,0.0001220489167986,0.0290589059552936,0.5657043535910212,0.1424363556396202,0.0001077831361918,xrp,long_short,no_cost,,
table10_feasible,candle,0.1057031380959176,0.5581611799016459,0.0961029486441427,0.0014616163007039,0.034839377715729,0.545385473835811,0.1463574047541252,0.0004981789980289,sol,long_only,with_cost,,
table10_feasible,ohlc,0.104352309451121,0.563698390415758,0.0598250094641835,0.0012856390678018,-0.0043704644751681,0.5276961943102886,0.1197300262983101,2.542857669261658e-06,sol,long_only,with_cost,,
table10_feasible,candle,0.1345315971121231,0.5581611799016459,0.0961029486441427,0.0017188968781918,0.0558358195426337,0.545385473835811,0.1463574047541252,0.0007335536906218,sol,long_only,no_cost,,
table10_feasible,ohlc,0.133726681160827,0.563698390415758,0.0598250094641835,0.0015346045774382,0.0149249839890495,0.5276961943102886,0.1197300262983101,0.0002096254922289,sol,long_only,no_cost,,
table10_feasible,candle,0.0233126568318494,0.5274977802609759,0.0472492310909443,0.0002252924959279,-0.0134289905605954,0.5008566805677734,0.136977914127156,-8.290814849808446e-05,sol,short_only,with_cost,,
table10_feasible,ohlc,0.0485691109144902,0.5421026920972052,0.0292855220266714,0.0004902932067629,-0.0191321940680703,0.5166847368258216,0.0585528053090529,-3.749043784156879e-05,sol,short_only,with_cost,,
table10_feasible,candle,0.0503280260027397,0.5274977802609759,0.0472492310909443,0.0004708547351298,0.0094865917563877,0.5008566805677734,0.136977914127156,0.000115134026622,sol,short_only,no_cost,,
table10_feasible,ohlc,0.0806572231611565,0.5421026920972052,0.0292855220266714,0.0007545873036297,0.0100543258476415,0.5166847368258216,0.0585528053090529,0.0002038665627136,sol,short_only,no_cost,,
table10_feasible,candle,0.0647824065774733,0.6733860332037774,0.1079537589046409,0.0007725659087827,0.0287715722366681,0.5902303571042344,0.1613571085494162,0.0003667558191072,sol,long_short,with_cost,,
table10_feasible,ohlc,0.0907377619626286,0.6243831647147586,0.0889579569283716,0.0008645315716939,0.0021597695690028,0.4997816223327956,0.1426177103452305,7.626209960637748e-05,sol,long_short,with_cost,,
table10_feasible,candle,0.0941639321929296,0.6733860332037774,0.1079537589046409,0.0010075918303052,0.0500199139885761,0.5902303571042344,0.1613571085494162,0.0005605408855955,sol,long_short,no_cost,,
table10_feasible,ohlc,0.1314685483347891,0.6243831647147586,0.0889579569283716,0.0010932560553427,0.0199979328222686,0.4997816223327956,0.1426177103452305,0.0002674914878157,sol,long_short,no_cost,,
table11_feasible,,0.0599416687788073,0.5968641971552292,0.0545664687346971,0.0006808283930657,0.047230905524663,0.580817693633861,0.0579443345081312,0.0008092323554368,all_assets,long_only,with_cost,extended,
table11_feasible,,0.0063623381698231,0.5420809758539047,0.1040560452833666,0.0001529861490406,-0.0023898331238058,0.5233540345361452,0.1263993995476176,3.2225483279091913e-06,all_assets,long_only,with_cost,raw,
table11_feasible,,0.0977117615486751,0.5968641971552292,0.0545664687346971,0.0009471344975536,0.0818121093013296,0.580817693633861,0.0579443345081312,0.0010752786800132,all_assets,long_only,no_cost,extended,
table11_feasible,,0.0344106289181667,0.5420809758539047,0.1040560452833666,0.0003947176164412,0.0253683527795653,0.5233540345361452,0.1263993995476176,0.0002334410907682,all_assets,long_only,no_cost,raw,
table11_feasible,,0.00410249884009,0.5797109491847258,0.0403696236391859,-2.9138476373410768e-05,-0.0297617179274777,0.5308225822366268,0.1111228221344366,-0.0002465947807983,all_assets,short_only,with_cost,extended,
table11_feasible,,0.0169126611146369,0.5361360321260074,0.0803058100049429,-2.445431911566669e-05,-0.0201621582949919,0.4958217656506768,0.2554059608826826,-0.0001800704794196,all_assets,short_only,with_cost,raw,
table11_feasible,,0.0410935526077091,0.5797109491847258,0.0403696236391859,0.0002458431580923,0.0019373807633148,0.5308225822366268,0.1111228221344366,-1.5933738581261154e-05,all_assets,short_only,no_cost,extended,
table11_feasible,,0.0501460783699212,0.5361360321260074,0.0803058100049429,0.0002223505180007,0.0030379660973818,0.4958217656506768,0.2554059608826826,-7.264326681346348e-06,all_assets,short_only,no_cost,raw,
table11_feasible,,0.0390125682103521,0.6708223648037995,0.0406754655361717,0.0003564128517388,0.0111946841856411,0.5760180339478048,0.0742948696357733,0.0001128433550314,all_assets,long_short,with_cost,extended,
table11_feasible,,0.0101280566166816,0.6346520515568687,0.1015481138085721,1.2128306039591963e-05,-0.0071432439487247,0.5119703613811709,0.1834317678292938,-0.0001151428033292,all_assets,long_short,with_cost,raw,
table11_feasible,,0.0790623467062213,0.6708223648037995,0.0406754655361717,0.0006311454070279,0.0421817550130103,0.5760180339478048,0.0742948696357733,0.000356596639802,all_assets,long_short,no_cost,extended,
table11_feasible,,0.0405649567127321,0.6346520515568687,0.1015481138085721,0.0002411452779198,0.0124652309093565,0.5119703613811709,0.1834317678292938,5.916070022251512e-05,all_assets,long_short,no_cost,raw,
table11_feasible,,0.0535097033636906,0.5985560994638364,0.0604123869459638,0.0003274883931722,0.0099453091885685,0.6083904639814155,0.0638258082475799,0.0006663075821411,btc,long_only,with_cost,extended,
table11_feasible,,0.0069527322063967,0.5412939071339151,0.1125939768503689,0.0001096669432273,0.0148228699620488,0.5358158796684009,0.1178800725817068,0.0001376957912626,btc,long_only,with_cost,raw,
table11_feasible,,0.1142218218100137,0.5985560994638364,0.0604123869459638,0.0005988362865968,0.0663697983227936,0.6083904639814155,0.0638258082475799,0.00094519826758,btc,long_only,no_cost,extended,
table11_feasible,,0.0486656748258717,0.5412939071339151,0.1125939768503689,0.0003490507081489,0.0564626443391431,0.5358158796684009,0.1178800725817068,0.0003600207591371,btc,long_only,no_cost,raw,
table11_feasible,,-0.013710753153813,0.5907433933954486,0.0503462817220266,-5.758085073792508e-05,-0.0013009009512814,0.5399976175580031,0.1310504952034063,-1.0716751934706154e-05,btc,short_only,with_cost,extended,
table11_feasible,,0.0243280554842132,0.5339416377280174,0.1237198747337339,0.0001442548407514,-0.0281959529524983,0.5029836850691168,0.3297505517961118,-0.000136500649184,btc,short_only,with_cost,raw,
table11_feasible,,0.0382330656727091,0.5907433933954486,0.0503462817220266,0.0002236275002877,0.0521518085236241,0.5399976175580031,0.1310504952034063,0.0002193025704736,btc,short_only,no_cost,extended,
table11_feasible,,0.0684480858940643,0.5339416377280174,0.1237198747337339,0.0003900913090789,0.0094496713929797,0.5029836850691168,0.3297505517961118,3.344861373095287e-05,btc,short_only,no_cost,raw,
table11_feasible,,0.0173642729757621,0.6950408243484516,0.0500368173527209,0.000114468014596,0.0133102498073538,0.5469525545516032,0.0892255501007493,6.951732528600707e-05,btc,long_short,with_cost,extended,
table11_feasible,,-0.0012227138683881,0.6401358121866143,0.1383754280532915,-2.3282798957913118e-07,0.0036279678926542,0.5397442103972806,0.1359022237835833,1.519498762689824e-05,btc,long_short,with_cost,raw,
table11_feasible,,0.077232707560834,0.6950408243484516,0.0500368173527209,0.0003951811544186,0.0672390033357881,0.5469525545516032,0.0892255501007493,0.0003209187156333,btc,long_short,no_cost,extended,
table11_feasible,,0.0369584246855707,0.6401358121866143,0.1383754280532915,0.0002313357754812,0.0403109033464134,0.5397442103972806,0.1359022237835833,0.0002291101547505,btc,long_short,no_cost,raw,
table11_feasible,,-0.0180002507010266,0.5722767898373726,0.0822773200615265,-0.0001212934553189,-0.0088083001229655,0.5568234002541655,0.0668790380473797,-1.6487780868880594e-05,eth,long_only,with_cost,extended,
table11_feasible,,0.0075376082954727,0.5319420925554647,0.0948451541646343,0.0001229174831924,-0.0307435424205426,0.5050865151329802,0.1422578977547215,-0.0002790070472551,eth,long_only,with_cost,raw,
table11_feasible,,0.0160374394478966,0.5722767898373726,0.0822773200615265,0.0001342214205391,0.02683282643927,0.5568234002541655,0.0668790380473797,0.0002467995037707,eth,long_only,no_cost,extended,
table11_feasible,,0.0352050349186161,0.5319420925554647,0.0948451541646343,0.0003662201616219,-0.0056008494661834,0.5050865151329802,0.1422578977547215,-4.1399381198896465e-05,eth,long_only,no_cost,raw,
table11_feasible,,0.001228125652516,0.5880386850424228,0.0521966856833039,-1.721684724279795e-05,-0.0716498856915943,0.5397343374685047,0.0936446404006301,-0.0003945295590709,eth,short_only,with_cost,extended,
table11_feasible,,0.0369742766836187,0.5473202235173894,0.1096363592306085,0.0003212390115466,-0.003704322211358,0.5043468711274437,0.1879471916402313,-5.278891437011598e-05,eth,short_only,with_cost,raw,
table11_feasible,,0.0475454514867557,0.5880386850424228,0.0521966856833039,0.0002566755199777,-0.0375544255213464,0.5397343374685047,0.0936446404006301,-0.0001474726290962,eth,short_only,no_cost,extended,
table11_feasible,,0.0767532132723987,0.5473202235173894,0.1096363592306085,0.000554216185975,0.0202748443333328,0.5043468711274437,0.1879471916402313,0.0001379154446981,eth,short_only,no_cost,raw,
table11_feasible,,-0.0037163263408532,0.6468422195496232,0.0562812482822744,-6.121260151177719e-05,-0.0210539452872276,0.5707512941097823,0.0576678777622173,-0.0001346952348184,eth,long_short,with_cost,extended,
table11_feasible,,0.0104496609886423,0.6345658229201974,0.0686309069937148,0.000100092424745,-0.0112911368382486,0.4719046487402117,0.1461150659833318,-9.823720146961272e-05,eth,long_short,with_cost,raw,
table11_feasible,,0.0362563875482226,0.6468422195496232,0.0562812482822744,0.000203376527214,0.0085295573120206,0.5707512941097823,0.0576678777622173,0.0001283331738698,eth,long_short,no_cost,extended,
table11_feasible,,0.0414737545557507,0.6345658229201974,0.0686309069937148,0.0003328020269135,0.0088710718475672,0.4719046487402117,0.1461150659833318,9.247816540314988e-05,eth,long_short,no_cost,raw,
table11_feasible,,0.0333961117498146,0.6209589274750709,0.0351552978412457,0.0004626211860996,0.1414850965270668,0.6098198141022284,0.0413227737083599,0.0019923520772883,xrp,long_only,with_cost,extended,
table11_feasible,,-0.0282353246668647,0.5688933052534721,0.0932779621001897,-0.0003133977504528,0.0203793975167494,0.5282856195173905,0.0391219148308122,0.0002832392208589,xrp,long_only,with_cost,raw,
table11_feasible,,0.0549703949178509,0.6209589274750709,0.0351552978412457,0.0007289447512436,0.1675633079333013,0.6098198141022284,0.0413227737083599,0.0022684803473786,xrp,long_only,no_cost,extended,
table11_feasible,,-0.0088690823258317,0.5688933052534721,0.0932779621001897,-6.336632780114669e-05,0.0471222677186391,0.5282856195173905,0.0391219148308122,0.0005524803054417,xrp,long_only,no_cost,raw,
table11_feasible,,-0.0380424376163515,0.5867945477178026,0.0287331367769633,-0.0006904789552428,-0.0389193721554259,0.51199342181302,0.1657555729021623,-0.0005669952422131,xrp,short_only,with_cost,extended,
table11_feasible,,0.001401605022385,0.5469489654836702,0.0415346433122633,-0.0006301740837217,-0.023363886299055,0.4899800411195314,0.3624359606897263,-0.0004247313377593,xrp,short_only,with_cost,raw,
table11_feasible,,-0.0215157124478566,0.5867945477178026,0.0287331367769633,-0.0004127437063405,-0.0267615668639629,0.51199342181302,0.1657555729021623,-0.0003704241887375,xrp,short_only,no_cost,extended,
table11_feasible,,0.0245091708685541,0.5469489654836702,0.0415346433122633,-0.0003645341433662,-0.0171998620258699,0.4899800411195314,0.3624359606897263,-0.0002845626614551,xrp,short_only,no_cost,raw,
table11_feasible,,0.005066694315554,0.6877374120734588,0.0283066878833473,-3.220740843594453e-05,0.0226062303479338,0.6080500727085594,0.0984364630951874,0.0001079730485296,xrp,long_short,with_cost,extended,
table11_feasible,,0.013100742697316,0.6198063764457913,0.0303515129806134,-0.0002838404507665,-0.0219249467804708,0.5245388213714358,0.199584550240553,-0.0004119686370591,xrp,long_short,with_cost,raw,
table11_feasible,,0.0236006890984774,0.6877374120734588,0.0283066878833473,0.0002482502837987,0.0398391989187752,0.6080500727085594,0.0984364630951874,0.0003287478051085,xrp,long_short,no_cost,extended,
table11_feasible,,0.0373547696992397,0.6198063764457913,0.0303515129806134,-2.263091368295392e-05,-0.0162196378819416,0.5245388213714358,0.199584550240553,-0.0002645910280782,xrp,long_short,no_cost,raw,
table11_feasible,,0.1708611107027507,0.5956649718446371,0.0404208700900526,0.00205449744831,0.0416408169639703,0.5482370961976348,0.0597497180292054,0.0005947575431866,sol,long_only,with_cost,extended,
table11_feasible,,0.0391943368442879,0.5261945984727668,0.1155070880182736,0.0006927579201957,-0.0111719037234094,0.5248445719484648,0.2063377130232299,-9.40356874884464e-05,sol,long_only,with_cost,raw,
table11_feasible,,0.2056173900189394,0.5956649718446371,0.0404208700900526,0.0023265355318349,0.0645522156376367,0.5482370961976348,0.0597497180292054,0.0008406366013235,sol,long_only,no_cost,extended,
table11_feasible,,0.0626408882540107,0.5261945984727668,0.1155070880182736,0.000926965923795,0.0062085878940465,0.5248445719484648,0.2063377130232299,0.0001025425815272,sol,long_only,no_cost,raw,
table11_feasible,,0.0669350604780087,0.5532671705832289,0.03020239037445,0.0006487227477299,-0.0071767129116094,0.5315649521069795,0.0540405800315478,-1.41375699746613e-05,sol,short_only,with_cost,extended,
table11_feasible,,0.0049467072683309,0.5163333017749522,0.0463323627431657,6.686295496098644e-05,-0.0253844717170564,0.4859764652866156,0.1414901394046611,-0.0001062610163649,sol,short_only,with_cost,raw,
table11_feasible,,0.1001114057192283,0.5532671705832289,0.03020239037445,0.0009158133184443,0.0199137069149446,0.5315649521069795,0.0540405800315478,0.000234859293035,sol,short_only,no_cost,extended,
table11_feasible,,0.0308738434446679,0.5163333017749522,0.0463323627431657,0.0003096287203152,-0.0003727893109153,0.4859764652866156,0.1414901394046611,8.414129630062792e-05,sol,short_only,no_cost,raw,
table11_feasible,,0.1373356318909455,0.6536690032436644,0.028077108626344,0.0014046034023072,0.0299162018745047,0.5783182144212746,0.0518495875849393,0.0004085782811286,sol,long_short,with_cost,extended,
table11_feasible,,0.0181845366491564,0.6441001946748717,0.1688346072066685,0.0002324940781694,0.0010151399311662,0.5116937650157555,0.2521252313097074,3.443963758497207e-05,sol,long_short,with_cost,raw,
table11_feasible,,0.1791596026173512,0.6536690032436644,0.028077108626344,0.0016777736626805,0.0531192604854573,0.5783182144212746,0.0518495875849393,0.0006483868645966,sol,long_short,no_cost,extended,
table11_feasible,,0.0464728779103675,0.6441001946748717,0.1688346072066685,0.0004230742229674,0.0168985863253873,0.5116937650157555,0.2521252313097074,0.0001796455088146,sol,long_short,no_cost,raw,
table12_feasible,,0.0800966398082565,0.5929420775278172,0.0392218180470118,0.0009928579847919,0.0529699205468526,0.5885437779523247,0.0845141216412407,0.0008458190269716,all_assets,long_only,with_cost,,GRU
table12_feasible,,0.0300755905118768,0.566339193045986,0.069583585607409,0.000370893637789,0.0150741015706002,0.5481460829386328,0.0724908480947543,0.000379241555189,all_assets,long_only,with_cost,,LightGBM
table12_feasible,,0.027670585826374,0.5825217966005115,0.0732256242933047,0.0003012825595844,0.0382257828631881,0.5581701070025902,0.0385833431639454,0.000550031496608,all_assets,long_only,with_cost,,Logistic Regression
table12_feasible,,0.0012447781959789,0.5460107311821895,0.4607823541840583,4.060662261271285e-05,-0.0026367969169072,0.5334566452318295,0.451697731178399,5.5692754807058e-07,all_assets,long_only,with_cost,,RSI
table12_feasible,,0.0100716038829846,0.5286146164307874,0.0527466478772313,0.0002233389341742,0.026608253721771,0.523911936565395,0.0585122765727451,0.0003623793617159,all_assets,long_only,with_cost,,SMA
table12_feasible,,-0.0052348022492463,0.5360872788439531,0.135214000088402,2.5949020473803634e-06,-0.0127689871356236,0.5175578474099761,0.1730991552115573,-9.75199913240616e-05,all_assets,long_only,with_cost,,XGBoost
table12_feasible,,0.1086185828250135,0.5929420775278172,0.0392218180470118,0.0012091049525728,0.0773046612089258,0.5885437779523247,0.0845141216412407,0.0010502680498717,all_assets,long_only,no_cost,,GRU
table12_feasible,,0.0686664604383721,0.566339193045986,0.069583585607409,0.0006489062465354,0.053586951302902,0.5481460829386328,0.0724908480947543,0.0006532822147132,all_assets,long_only,no_cost,,LightGBM
table12_feasible,,0.0553318184067541,0.5825217966005115,0.0732256242933047,0.0005611854830938,0.0689635440387099,0.5581701070025902,0.0385833431639454,0.0008250404585627,all_assets,long_only,no_cost,,Logistic Regression
table12_feasible,,0.0141249588920819,0.5460107311821895,0.4607823541840583,0.000113316615989,0.0068581462711014,0.5334566452318295,0.451697731178399,6.853402570361275e-05,all_assets,long_only,no_cost,,RSI
table12_feasible,,0.0120444409224901,0.5286146164307874,0.0527466478772313,0.0002407660944781,0.0286103036475396,0.523911936565395,0.0585122765727451,0.0003794558757954,all_assets,long_only,no_cost,,SMA
table12_feasible,,0.031627919263544,0.5360872788439531,0.135214000088402,0.0002645075457876,0.0174700713823119,0.5175578474099761,0.1730991552115573,0.0001399005033593,all_assets,long_only,no_cost,,XGBoost
table12_feasible,,0.026073320137015,0.5721446985532033,0.0849230033305108,0.0001039356807629,-0.0554426353550514,0.5158116502415104,0.0913042073471968,-0.0003747684781405,all_assets,short_only,with_cost,,GRU
table12_feasible,,0.0245777686455543,0.5637302702423275,0.0321373494348898,0.0001180571577014,-0.0151099899356082,0.5074882056506047,0.1104562091739235,-0.0002287981148072,all_assets,short_only,with_cost,,LightGBM
table12_feasible,,0.0170349367266977,0.5743462493402904,0.0396822699745692,-6.196872064943161e-05,-0.0048411263043619,0.526864798909092,0.331520182133992,-4.327897609959491e-05,all_assets,short_only,with_cost,,Logistic Regression
table12_feasible,,-0.0172690095826297,0.5271346356820202,0.4861277799856346,-0.0001828744187359,-0.0127191504071007,0.5162364155683966,0.4838142568363549,-0.0001216414942142,all_assets,short_only,with_cost,,RSI
table12_feasible,,-0.0014827334394233,0.4969774717087034,0.2719000411024024,2.0080651863989895e-05,-0.0233746174492625,0.4848344606451406,0.3067466478598069,-0.0005030647282158,all_assets,short_only,with_cost,,SMA
table12_feasible,,-0.025655705599813,0.521472744485645,0.0846082445482878,-0.0002672097087931,-0.0244540008499177,0.5031240409734002,0.1997769673791262,-0.0002064849513884,all_assets,short_only,with_cost,,XGBoost
table12_feasible,,0.0575547451286008,0.5721446985532033,0.0849230033305108,0.0003051879664517,-0.0268103091112599,0.5158116502415104,0.0913042073471968,-0.0001962342473547,all_assets,short_only,no_cost,,GRU
table12_feasible,,0.0663455065790927,0.5637302702423275,0.0321373494348898,0.0004243565538672,0.0162176833769779,0.5074882056506047,0.1104562091739235,1.9746892468973463e-05,all_assets,short_only,no_cost,,LightGBM
table12_feasible,,0.05029366177235,0.5743462493402904,0.0396822699745692,0.0001932354994192,0.0192593061908854,0.526864798909092,0.331520182133992,0.000106596939104,all_assets,short_only,no_cost,,Logistic Regression
table12_feasible,,-0.0128349904552093,0.5271346356820202,0.4861277799856346,-0.0001200989737544,-0.0070936485031592,0.5162364155683966,0.4838142568363549,-6.255247752938532e-05,all_assets,short_only,no_cost,,RSI
table12_feasible,,-0.0007538035159943,0.4969774717087034,0.2719000411024024,2.7997270539015415e-05,-0.0229417761251532,0.4848344606451406,0.3067466478598069,-0.0004936927819455,all_assets,short_only,no_cost,,SMA
table12_feasible,,0.0082853484752173,0.521472744485645,0.0846082445482878,1.3607332447937906e-05,0.0012840132647898,0.5031240409734002,0.1997769673791262,2.3494285256518377e-05,all_assets,short_only,no_cost,,XGBoost
table12_feasible,,0.0623525218514224,0.7209212733057315,0.0935199228450404,0.0005238096279388,0.0296582166063891,0.5772487533772763,0.0948240621514686,0.0002174114875709,all_assets,long_short,with_cost,,GRU
table12_feasible,,0.0270451657688802,0.5952140521789159,0.0443408561971395,0.0001738318781623,-0.0095921239991195,0.5318930111529772,0.089838847874893,-0.0001100358592261,all_assets,long_short,with_cost,,LightGBM
table12_feasible,,0.0233870953716505,0.7660892449832091,0.0264052911248377,0.000172578133414,0.0076471052461404,0.5561349628409864,0.1387342247298401,8.927192414461044e-05,all_assets,long_short,with_cost,,Logistic Regression
table12_feasible,,-0.0093757583406043,0.5365458633102781,0.4686306506122848,-9.50449714032255e-05,-0.0090223117828692,0.5246810844398475,0.4633945747208438,-9.669564370354713e-05,all_assets,long_short,with_cost,,RSI
table12_feasible,,-0.0053445931107497,0.5340852252111392,0.116689813591877,-6.544283184526387e-05,-0.0123373880083064,0.4934342767365068,0.1231908838916565,-0.0001323381314379,all_assets,long_short,with_cost,,SMA
table12_feasible,,-0.0145035333378856,0.5287242622534798,0.1201810885224698,-0.0001331373239582,-0.0196103173795772,0.5107000632867117,0.1920561401739327,-0.0002012464490849,all_assets,long_short,with_cost,,XGBoost
table12_feasible,,0.0927369476998168,0.7209212733057315,0.0935199228450404,0.0007153243581908,0.0495890703186723,0.5772487533772763,0.0948240621514686,0.0003780453395647,all_assets,long_short,no_cost,,GRU
table12_feasible,,0.0661306164619494,0.5952140521789159,0.0443408561971395,0.0004578171226816,0.0202286418087132,0.5318930111529772,0.089838847874893,0.0001322767678436,all_assets,long_short,no_cost,,LightGBM
table12_feasible,,0.0549745820354109,0.7660892449832091,0.0264052911248377,0.0004228233570623,0.0335666870823998,0.5561349628409864,0.1387342247298401,0.0002659990834887,all_assets,long_short,no_cost,,Logistic Regression
table12_feasible,,-0.0025204141555395,0.5365458633102781,0.4686306506122848,-2.13339950522469e-06,-0.0014957157465772,0.5246810844398475,0.4633945747208438,-8.203554390701434e-06,all_assets,long_short,no_cost,,RSI
table12_feasible,,-0.0038826475537136,0.5340852252111392,0.116689813591877,-5.190860917657971e-05,-0.0111281406309828,0.4934342767365068,0.1231908838916565,-0.000118151621639,all_assets,long_short,no_cost,,SMA
table12_feasible,,0.0254124606407297,0.5287242622534798,0.1201810885224698,0.0001486165319608,0.0059095726349484,0.5107000632867117,0.1920561401739327,5.519348915208735e-05,all_assets,long_short,no_cost,,XGBoost
table12_feasible,,0.0826608947582627,0.5865791860400333,0.0577337161313475,0.0005150055130401,0.0712074627036952,0.6726323788823789,0.0705983060010812,0.001540937058902,btc,long_only,with_cost,,GRU
table12_feasible,,0.0178228890280491,0.5623700770604931,0.0571722779369627,9.444944209222148e-05,-0.0248595700538193,0.5415358460120747,0.0473106673862205,-0.0001499845794785,btc,long_only,with_cost,,LightGBM
table12_feasible,,0.031266579400915,0.5955120093713302,0.0317424785100286,0.0003239364263533,0.0352137604922066,0.5542802241622737,0.0359776938298255,0.0003024267746488,btc,long_only,with_cost,,Logistic Regression
table12_feasible,,0.0004197863479592,0.5525309336332959,0.4401433691756272,1.600079954445813e-05,0.0021844666811146,0.5370082240497889,0.4347669605902465,2.438727001342767e-05,btc,long_only,with_cost,,RSI
table12_feasible,,0.0228704639138019,0.5325670498084292,0.0749865132170472,0.0001503005217527,-0.008882866947662,0.5223367697594502,0.0548934633441675,-3.715613989821005e-05,btc,long_only,with_cost,,SMA
table12_feasible,,-0.0108254920470519,0.5352387407236463,0.1993642550143266,-5.908070868647087e-05,-0.0167097564620659,0.5199642382429056,0.2095250944414463,-8.537250726461209e-05,btc,long_only,with_cost,,XGBoost
table12_feasible,,0.1286779322465953,0.5865791860400333,0.0577337161313475,0.0007331887323667,0.099454630542096,0.6726323788823789,0.0705983060010812,0.0017451547162446,btc,long_only,no_cost,,GRU
table12_feasible,,0.0888865065742714,0.5623700770604931,0.0571722779369627,0.0003708391097593,0.0497619904944609,0.5415358460120747,0.0473106673862205,0.0001426585762347,btc,long_only,no_cost,,LightGBM
table12_feasible,,0.0675594308437858,0.5955120093713302,0.0317424785100286,0.0006144755732823,0.0759258406908451,0.5542802241622737,0.0359776938298255,0.0005849914252371,btc,long_only,no_cost,,Logistic Regression
table12_feasible,,0.0176229085490547,0.5525309336332959,0.4401433691756272,9.12763900956392e-05,0.019234038895722,0.5370082240497889,0.4347669605902465,9.55697550100936e-05,btc,long_only,no_cost,,RSI
table12_feasible,,0.0259116994529742,0.5325670498084292,0.0749865132170472,0.0001668394744986,-0.0058543093217561,0.5223367697594502,0.0548934633441675,-1.7310779073467822e-05,btc,long_only,no_cost,,SMA
table12_feasible,,0.0406511236071183,0.5352387407236463,0.1993642550143266,0.0001772705740831,0.028793631651297,0.5199642382429056,0.2095250944414463,0.0001376333357176,btc,long_only,no_cost,,XGBoost
table12_feasible,,0.028294529198048,0.5877988320721126,0.0943105381165919,0.0001659779950338,-0.0079352376650635,0.5346856561228066,0.1692379182156133,1.6258023599902583e-05,btc,short_only,with_cost,,GRU
table12_feasible,,0.0098693692596346,0.5633287732447847,0.0629194630872483,6.406655999058204e-05,-0.011821855197313,0.5176265242449061,0.1319302799925829,-8.1490114383907e-05,btc,short_only,with_cost,,LightGBM
table12_feasible,,-0.0016665166515209,0.5776403245523343,0.0650633855331841,2.0370037447804653e-05,-0.0043222708194351,0.5317000838946612,0.3469775635082514,-1.3343867226622407e-05,btc,short_only,with_cost,,Logistic Regression
table12_feasible,,-0.0237998841373668,0.5304538216560509,0.4971087483678418,-0.0001715431557638,-0.0139642271119046,0.5195596618832318,0.4905345211581292,-6.898261878769346e-05,btc,short_only,with_cost,,RSI
table12_feasible,,-0.0027307909720724,0.4970745357415416,0.3695158850226929,-1.6626947196755113e-07,-0.0133331410001531,0.4923226907141116,0.3798420458819105,-7.04568150160213e-05,btc,short_only,with_cost,,SMA
table12_feasible,,-0.0152627771453614,0.5206021323777004,0.1258389261744966,-7.70666124450786e-05,-0.0349143441257477,0.5019503409918661,0.2734563322825885,-0.0002158588442269,btc,short_only,with_cost,,XGBoost
table12_feasible,,0.0708657075905799,0.5877988320721126,0.0943105381165919,0.0003962618253801,0.0381279487100403,0.5346856561228066,0.1692379182156133,0.0001702651548824,btc,short_only,no_cost,,GRU
table12_feasible,,0.0614820715227779,0.5633287732447847,0.0629194630872483,0.0003572959958848,0.04526368968187,0.5176265242449061,0.1319302799925829,0.0001914073439163,btc,short_only,no_cost,,LightGBM
table12_feasible,,0.0474494658818771,0.5776403245523343,0.0650633855331841,0.0002929175500258,0.0409649950179907,0.5317000838946612,0.3469775635082514,0.0001411814670181,btc,short_only,no_cost,,Logistic Regression
table12_feasible,,-0.017452167321207,0.5304538216560509,0.4971087483678418,-0.0001035495251906,-0.0030781976586943,0.5195596618832318,0.4905345211581292,-3.963943733634109e-06,btc,short_only,no_cost,,RSI
table12_feasible,,-0.0021262891408034,0.4970745357415416,0.3695158850226929,3.3951652774600785e-06,-0.0128267252856395,0.4923226907141116,0.3798420458819105,-6.661816037307711e-05,btc,short_only,no_cost,,SMA
table12_feasible,,0.0335650581383119,0.5206021323777004,0.1258389261744966,0.0001809622474426,-0.0011536735766934,0.5019503409918661,0.2734563322825885,2.6484025923386904e-06,btc,short_only,no_cost,,XGBoost
table12_feasible,,0.0150445538636572,0.7570386377545307,0.133534514684429,0.000105118682768,0.033745211002949,0.5408647487850995,0.0874595819535453,0.0001815382095384,btc,long_short,with_cost,,GRU
table12_feasible,,0.0216273881878814,0.5868720077972829,0.0432063339059718,0.0001012741321176,-0.0016700669533836,0.5512487185709487,0.0722971774188303,-4.0974026572409825e-05,btc,long_short,with_cost,,LightGBM
table12_feasible,,0.0118661688159936,0.7983826419790283,0.0307031689027347,0.0001300968475466,0.0274842677978729,0.5686152133554685,0.0495132003879827,0.0002290252254885,btc,long_short,with_cost,,Logistic Regression
table12_feasible,,-0.0143220761601195,0.5414923776446734,0.4686260587717345,-0.0001132230711355,-0.009994444431307,0.5282839429665103,0.4626507408741879,-5.458963634285266e-05,btc,long_short,with_cost,,RSI
table12_feasible,,0.0151623571324111,0.5390107976314873,0.0380552648513112,0.0001101062725236,-0.008882866947662,0.5223367697594502,0.0274467316720837,-3.715613989821005e-05,btc,long_short,with_cost,,SMA
table12_feasible,,-0.0162549926527843,0.52805998553929,0.1693804733188891,-0.0001080192892194,-0.0256829764474222,0.5126648491862508,0.240985588008307,-0.0002001647826287,btc,long_short,with_cost,,XGBoost
table12_feasible,,0.0500710412326336,0.7570386377545307,0.133534514684429,0.0002906173694431,0.0616543005705415,0.5408647487850995,0.0874595819535453,0.0003114587960781,btc,long_short,no_cost,,GRU
table12_feasible,,0.0837268337466715,0.5868720077972829,0.0432063339059718,0.0003860038753321,0.0600994449904174,0.5512487185709487,0.0722971774188303,0.000238355725288,btc,long_short,no_cost,,LightGBM
table12_feasible,,0.0553730209168946,0.7983826419790283,0.0307031689027347,0.0004111609064005,0.0790586342724074,0.5686152133554685,0.0495132003879827,0.0004763840333589,btc,long_short,no_cost,,Logistic Regression
table12_feasible,,-0.0043823995070169,0.5414923776446734,0.4686260587717345,-1.2093067967329164e-05,0.0072092419397474,0.5282839429665103,0.4626507408741879,4.27502343018375e-05,btc,long_short,no_cost,,RSI
table12_feasible,,0.0180822386522678,0.5390107976314873,0.0380552648513112,0.0001268569022465,-0.0058543093217561,0.5223367697594502,0.0274467316720837,-1.7310779073467822e-05,btc,long_short,no_cost,,SMA
table12_feasible,,0.0392113685966098,0.52805998553929,0.1693804733188891,0.000165251708624,0.0142874335310365,0.5126648491862508,0.240985588008307,7.3859186042448e-05,btc,long_short,no_cost,,XGBoost
table12_feasible,,0.0007043780315303,0.5624354817803539,0.0267953807289787,6.90896800823511e-05,-0.0131325194276447,0.5189274705384338,0.1245732255166217,-7.535147456226418e-05,eth,long_only,with_cost,,GRU
table12_feasible,,0.0012679278093555,0.5411315948504506,0.1739913544668588,4.342357542834409e-05,0.0137431343229893,0.5523022071749114,0.1600861450107681,0.0002154599258315,eth,long_only,with_cost,,LightGBM
table12_feasible,,-0.0036477123879868,0.5711595574212459,0.0591678674351585,2.4428386394767965e-05,-0.0642693820725082,0.5271741320669661,0.0225233309404163,-0.0006151619402051,eth,long_only,with_cost,,Logistic Regression
table12_feasible,,-0.0112879289290673,0.553082191780822,0.4656694899981978,-6.689641666775536e-05,-0.0139137316613238,0.5365321701199564,0.4415724286483575,-0.000128347898139,eth,long_only,with_cost,,RSI
table12_feasible,,-0.0351674826367739,0.5252225519287834,0.0321409115670964,-0.0002252483966349,0.0356213673260571,0.5232,0.059142702116115,0.0003082362697197,eth,long_only,with_cost,,SMA
table12_feasible,,-0.0192498782640067,0.5337111307336241,0.0942903458213256,-0.0001336935861583,-0.0154449179098527,0.5254160209939801,0.1110911701363962,-0.0001159361673121,eth,long_only,with_cost,,XGBoost
table12_feasible,,0.0258616433033119,0.5624354817803539,0.0267953807289787,0.0002734922758501,0.0217088580908149,0.5189274705384338,0.1245732255166217,0.0001197422047484,eth,long_only,no_cost,,GRU
table12_feasible,,0.0319863546773576,0.5411315948504506,0.1739913544668588,0.0002896261957738,0.0411232302297174,0.5523022071749114,0.1600861450107681,0.0004475190123935,eth,long_only,no_cost,,LightGBM
table12_feasible,,0.0276651963734126,0.5711595574212459,0.0591678674351585,0.0002991764046805,-0.0330994859123597,0.5271741320669661,0.0225233309404163,-0.0003028834314763,eth,long_only,no_cost,,Logistic Regression
table12_feasible,,-0.0023268644770472,0.553082191780822,0.4656694899981978,4.946477167861074e-06,-0.0093452929810712,0.5365321701199564,0.4415724286483575,-6.0714310352809175e-05,eth,long_only,no_cost,,RSI
table12_feasible,,-0.0333351685784439,0.5252225519287834,0.0321409115670964,-0.0002117469129554,0.0368121703992937,0.5232,0.059142702116115,0.0003166362697197,eth,long_only,no_cost,,SMA
table12_feasible,,0.0169717543789433,0.5337111307336241,0.0942903458213256,0.0001385882880176,0.0127313515380006,0.5254160209939801,0.1110911701363962,0.0001464224594779,eth,long_only,no_cost,,XGBoost
table12_feasible,,-0.0052776415562428,0.5565416269874364,0.1799404540379605,-3.255060541274719e-05,-0.1109286884121548,0.520680932584633,0.085137152453816,-0.0005592707300009,eth,short_only,with_cost,,GRU
table12_feasible,,0.0382865388839358,0.5939104319788902,0.0184239836643772,0.000228220735137,0.0196728323119986,0.5278524702775441,0.0450232558139534,0.0001649856243272,eth,short_only,with_cost,,LightGBM
table12_feasible,,0.0866767793162296,0.6003879597602015,0.0325784295526266,0.0006759508260934,-0.0299786944889907,0.5224962210354658,0.2622325581395349,-0.0002645509676801,eth,short_only,with_cost,,Logistic Regression
table12_feasible,,-0.0195717904989158,0.5376499793131981,0.4828162734534646,-0.0001434455917999,-0.0159533782084697,0.5198342214328004,0.4905941516111007,-0.0001435365640283,eth,short_only,with_cost,,RSI
table12_feasible,,0.0107036485867737,0.5027916544225683,0.3208325520345021,9.171161764150732e-05,-0.0020091997517229,0.4925373134328358,0.3784545967287084,1.943492914056934e-05,eth,short_only,with_cost,,SMA
table12_feasible,,-0.043280871971653,0.5198777983930966,0.0927232225728605,-0.0002635766272101,-0.0294738652167576,0.517132793294254,0.1707906976744186,-0.0002358008735282,eth,short_only,with_cost,,XGBoost
table12_feasible,,0.0209813451711367,0.5565416269874364,0.1799404540379605,0.0001344663682972,-0.0779020348268114,0.520680932584633,0.085137152453816,-0.0003547894507732,eth,short_only,no_cost,,GRU
table12_feasible,,0.0979371955495495,0.5939104319788902,0.0184239836643772,0.0005346948426914,0.0561936658819244,0.5278524702775441,0.0450232558139534,0.0004177674383274,eth,short_only,no_cost,,LightGBM
table12_feasible,,0.1306877933162156,0.6003879597602015,0.0325784295526266,0.0009433226283639,-0.013109757728775,0.5224962210354658,0.2622325581395349,-8.855013460248843e-05,eth,short_only,no_cost,,Logistic Regression
table12_feasible,,-0.0130735774657644,0.5376499793131981,0.4828162734534646,-7.582043664895227e-05,-0.011451766808105,0.5198342214328004,0.4905941516111007,-7.964274125356543e-05,eth,short_only,no_cost,,RSI
table12_feasible,,0.011800168485265,0.5027916544225683,0.3208325520345021,9.777979278109008e-05,-0.0015001930247383,0.4925373134328358,0.3784545967287084,2.41449854165664e-05,eth,short_only,no_cost,,SMA
table12_feasible,,-0.0010090045185928,0.5198777983930966,0.0927232225728605,9.299572552874485e-06,0.0002589642976348,0.517132793294254,0.1707906976744186,6.457778252052859e-06,eth,short_only,no_cost,,XGBoost
table12_feasible,,0.0083190014681057,0.7029987155776207,0.0263459001108965,8.556398252361955e-05,-0.0197734862922814,0.59019646878708,0.0329425840970518,-0.0001067999276122,eth,long_short,with_cost,,GRU
table12_feasible,,0.0002374347831443,0.5832412360217165,0.0901050145269137,1.167980233357258e-05,-0.0053946667570644,0.5175800713063484,0.0949267934356166,-4.2465716686778765e-06,eth,long_short,with_cost,,LightGBM
table12_feasible,,0.0361521875572226,0.7498684867943912,0.0288118487162766,0.0002155392321071,-0.0177372136978158,0.4571047468855996,0.1272972712399205,-0.0001346415062603,eth,long_short,with_cost,,Logistic Regression
table12_feasible,,-0.0134438142708321,0.54536608554701,0.4742428817258312,-0.0001360147327406,-0.0114496666371217,0.5281831957763784,0.4660832901297291,-0.0001653310073455,eth,long_short,with_cost,,RSI
table12_feasible,,-0.0016813855246222,0.5347190250507786,0.2465480911353129,9.573648750111504e-06,-0.0082319764851165,0.5064578308285401,0.2419091866680754,-5.109634750894582e-05,eth,long_short,with_cost,,SMA
table12_feasible,,-0.0312419545128945,0.5267076465459125,0.1045615471978918,-0.0002350233704977,-0.0217847975037909,0.5204305987209601,0.1523992387185095,-0.0002201768670348,eth,long_short,with_cost,,XGBoost
table12_feasible,,0.0370815599660261,0.7029987155776207,0.0263459001108965,0.0002852213431744,0.0064799352698138,0.59019646878708,0.0329425840970518,9.928819945578976e-05,eth,long_short,no_cost,,GRU
table12_feasible,,0.033361053873269,0.5832412360217165,0.0901050145269137,0.0002613277029339,0.0225548476419258,0.5175800713063484,0.0949267934356166,0.0002289772048357,eth,long_short,no_cost,,LightGBM
table12_feasible,,0.0795961123477056,0.7498684867943912,0.0288118487162766,0.0004747113337889,0.0023003675603732,0.4571047468855996,0.1272972712399205,6.73123983799178e-05,eth,long_short,no_cost,,Logistic Regression
table12_feasible,,-0.0070551368407073,0.54536608554701,0.4742428817258312,-3.612518929442337e-05,-0.0083783905249008,0.5281831957763784,0.4660832901297291,-7.065114824901015e-05,eth,long_short,no_cost,,RSI
table12_feasible,,-0.0004160442195311,0.5347190250507786,0.2465480911353129,1.802169702467306e-05,-0.0074983577051682,0.5064578308285401,0.2419091866680754,-4.155328620770476e-05,eth,long_short,no_cost,,SMA
table12_feasible,,0.0054215580209458,0.5267076465459125,0.1045615471978918,5.109672835782109e-05,0.0034661078470627,0.5204305987209601,0.1523992387185095,4.604487587466831e-05,eth,long_short,no_cost,,XGBoost
table12_feasible,,0.0868449105370588,0.6451116448188285,0.0183461117196056,0.0011707890384164,0.1435907054272325,0.6284500286107356,0.0072246455834242,0.0015696562593867,xrp,long_only,with_cost,,GRU
table12_feasible,,-0.0356135348917766,0.5870071954190471,0.0266946064139941,-0.0003136586452162,0.0871771631807082,0.5703451548451548,0.0151034107402031,0.0015641691001316,xrp,long_only,with_cost,,LightGBM
table12_feasible,,-0.0263041183304076,0.597757124035847,0.1548378279883382,-0.0004588734450456,0.1288071778301351,0.5888526162982399,0.0398675616835994,0.0018054965463583,xrp,long_only,with_cost,,Logistic Regression
table12_feasible,,0.0030413729949491,0.549043549043549,0.4917973022238425,5.499574794015828e-05,0.0046319499959825,0.5310330747243773,0.4720508166969147,9.653943381689538e-05,xrp,long_only,with_cost,,RSI
table12_feasible,,0.017616967947745,0.5341463414634147,0.0400878638110928,0.0003993927771501,0.0727453524997074,0.5005359056806002,0.085032774945375,0.000970084963174,xrp,long_only,with_cost,,SMA
table12_feasible,,-0.0146056831489746,0.5498285011833635,0.0569879737609329,-9.981007686109692e-05,-0.0050432313728226,0.5136041697584437,0.0986937590711175,-6.653504995032527e-05,xrp,long_only,with_cost,,XGBoost
table12_feasible,,0.1082750934829584,0.6451116448188285,0.0183461117196056,0.0014182129456302,0.166024920395716,0.6284500286107356,0.0072246455834242,0.0018513364787984,xrp,long_only,no_cost,,GRU
table12_feasible,,-0.0169695967648724,0.5870071954190471,0.0266946064139941,-2.9417733681662427e-05,0.1153720177965882,0.5703451548451548,0.0151034107402031,0.0018692908221596,xrp,long_only,no_cost,,LightGBM
table12_feasible,,-0.0157935404584593,0.597757124035847,0.1548378279883382,-0.0002511421545048,0.1540348931722816,0.5888526162982399,0.0398675616835994,0.0020506700343124,xrp,long_only,no_cost,,Logistic Regression
table12_feasible,,0.0154963492218495,0.549043549043549,0.4917973022238425,0.0001284287963732,0.0142336161007959,0.5310330747243773,0.4720508166969147,0.0001644242847764,xrp,long_only,no_cost,,RSI
table12_feasible,,0.019242406676311,0.5341463414634147,0.0400878638110928,0.0004232952161745,0.0749206845496269,0.5005359056806002,0.085032774945375,0.0009873411260893,xrp,long_only,no_cost,,SMA
table12_feasible,,0.0166906689244117,0.5498285011833635,0.0569879737609329,0.0001935037894412,0.0236649831085644,0.5136041697584437,0.0986937590711175,0.0001953380137094,xrp,long_only,no_cost,,XGBoost
table12_feasible,,0.0639559197934916,0.6028558948528093,0.038801291793313,5.037218850838807e-05,-0.0381175072762959,0.4991363032048902,0.0893984404010397,-0.000711796483447,xrp,short_only,with_cost,,GRU
table12_feasible,,-0.0289910978182733,0.5572301982407453,0.0175322213798332,-0.0006633725534743,-0.0518698481059062,0.4878503207214363,0.1852194850898314,-0.0008354072024575,xrp,short_only,with_cost,,LightGBM
table12_feasible,,-0.0595696957887351,0.5769791755254489,0.0355856709628506,-0.0012559152878399,-0.0135250011133687,0.517268080410866,0.5522318947953324,-0.0001574501548703,xrp,short_only,with_cost,,Logistic Regression
table12_feasible,,-0.0102420960129529,0.5265858208955224,0.4284629981024668,-7.468009057230989e-05,-0.0161338246579578,0.5174328225627359,0.4322018178445557,-0.0002647632003903,xrp,short_only,with_cost,,RSI
table12_feasible,,0.0002901914972436,0.4934497816593886,0.0215115172282505,0.0001511962377994,-0.0685645946226395,0.4686774941995359,0.037609383727425,-0.0018839867103911,xrp,short_only,with_cost,,SMA
table12_feasible,,-0.0486767913744161,0.5304217577839421,0.0486163760424564,-0.0007723904251232,-0.021054160413391,0.4996922215279102,0.2295332468975736,-0.0002787993191699,xrp,short_only,with_cost,,XGBoost
table12_feasible,,0.098637598940068,0.6028558948528093,0.038801291793313,0.0002810874166779,-0.0314936335358355,0.4991363032048902,0.0893984404010397,-0.0005518271571402,xrp,short_only,no_cost,,GRU
table12_feasible,,-0.0078448617656215,0.5572301982407453,0.0175322213798332,-0.0003373651508906,-0.0408566624536068,0.4878503207214363,0.1852194850898314,-0.0006098529291876,xrp,short_only,no_cost,,LightGBM
table12_feasible,,-0.0512115148042964,0.5769791755254489,0.0355856709628506,-0.0010276243034769,-0.0090219360116326,0.517268080410866,0.5522318947953324,-8.061919471336545e-05,xrp,short_only,no_cost,,Logistic Regression
table12_feasible,,-0.0061187382600373,0.5265858208955224,0.4284629981024668,-1.9502851766339783e-05,-0.0148851253160567,0.5174328225627359,0.4322018178445557,-0.0002151740376099,xrp,short_only,no_cost,,RSI
table12_feasible,,0.0013480128469866,0.4934497816593886,0.0215115172282505,0.0001695368491531,-0.0680566166853893,0.4686774941995359,0.037609383727425,-0.00185881269647,xrp,short_only,no_cost,,SMA
table12_feasible,,-0.033594305528755,0.5304217577839421,0.0486163760424564,-0.0004706536617238,-0.0065506257785907,0.4996922215279102,0.2295332468975736,-6.767441934410789e-05,xrp,short_only,no_cost,,XGBoost
table12_feasible,,0.1340760473113368,0.6918023935595821,0.0184652588663579,0.0008710221892153,0.0490329510592975,0.6273969959751335,0.0309220085111001,4.021032712546994e-05,xrp,long_short,with_cost,,GRU
table12_feasible,,-0.0305818502223576,0.5983710295258919,0.014922005030757,-0.0005323910990075,-0.0197209835822378,0.539679639127832,0.1108918877696267,-0.0002879722480723,xrp,long_short,with_cost,,LightGBM
table12_feasible,,-0.0356037012557217,0.7849952750578855,0.0252931925911272,-0.0005476201564838,-0.0102940955084715,0.5903656903988146,0.2834966179298375,-0.0001045551765377,xrp,long_short,with_cost,,Logistic Regression
table12_feasible,,-0.0013716019288385,0.5377074044822288,0.4408324842729083,2.612462639215536e-05,-0.0085115654302396,0.5235711648024948,0.4346806401246026,-0.0001247810014,xrp,long_short,with_cost,,RSI
table12_feasible,,-0.0190015276321442,0.5234566079109387,0.0344053286984462,-0.0001797159883317,-0.0201680479810291,0.5066669027049993,0.0663109374709721,-0.0003266640657472,xrp,long_short,with_cost,,SMA
table12_feasible,,-0.0315556218075173,0.5399188788951409,0.0586359452396793,-0.0004231066521289,-0.0176553048336622,0.5077354626582103,0.1707315124609164,-0.0002556740795743,xrp,long_short,with_cost,,XGBoost
table12_feasible,,0.1741829192333485,0.6918023935595821,0.0184652588663579,0.0011175357198221,0.0628926605260697,0.6273969959751335,0.0309220085111001,0.0002296679556945,xrp,long_short,no_cost,,GRU
table12_feasible,,-0.013276197108088,0.5983710295258919,0.014922005030757,-0.0002203298767188,-0.0090410595681922,0.539679639127832,0.1108918877696267,-6.7905590714637e-05,xrp,long_short,no_cost,,LightGBM
table12_feasible,,-0.0260834358856421,0.7849952750578855,0.0252931925911272,-0.0003299881203895,-0.0049410360956301,0.5903656903988146,0.2834966179298375,-2.7461433941188572e-05,xrp,long_short,no_cost,,Logistic Regression
table12_feasible,,0.0075548225388151,0.5377074044822288,0.4408324842729083,8.99378780372654e-05,-0.0070366954272465,0.5235711648024948,0.4346806401246026,-6.5783543679304e-05,xrp,long_short,no_cost,,RSI
table12_feasible,,-0.0177613170210144,0.5234566079109387,0.0344053286984462,-0.0001617186946916,-0.0196780100879657,0.5066669027049993,0.0663109374709721,-0.0003105803894783,xrp,long_short,no_cost,,SMA
table12_feasible,,-0.012912368644184,0.5399188788951409,0.0586359452396793,-0.0001159789824822,-0.00167144278858,0.5077354626582103,0.1707315124609164,-5.987376978188685e-06,xrp,long_short,no_cost,,XGBoost
table12_feasible,,0.1501763759061743,0.5776419974720531,0.0540120636081155,0.0022165477076288,0.0374286152434333,0.5441417964423532,0.1356603094638359,0.000528993572264,sol,long_only,with_cost,,GRU
table12_feasible,,0.1368250801018794,0.5748479048539532,0.0204761036118205,0.0016593601788519,-0.0157643211674773,0.5284011237223899,0.0674631692418253,-0.0001126782257285,sol,long_only,with_cost,,LightGBM
table12_feasible,,0.1093675946229757,0.5656584955736229,0.0471543232396935,0.0013156388706353,0.0531515752029191,0.562373455482881,0.0559647862019403,0.00070736460563,sol,long_only,with_cost,,Logistic Regression
table12_feasible,,0.0128058823700746,0.5293862502710909,0.4455192553385654,0.0001583263596339,-0.0034498726834021,0.529253112033195,0.4584007187780772,9.64890450102788e-06,sol,long_only,with_cost,,RSI
table12_feasible,,0.0349664663071657,0.5225225225225225,0.0637713029136888,0.000568910834429,0.0069491620089814,0.5495750708215298,0.0349801658853227,0.000208352353868,sol,long_only,with_cost,,SMA
table12_feasible,,0.0237418444630479,0.5255707427351786,0.190213425757023,0.0003029639798954,-0.0138780427977532,0.5112469606445752,0.2730865971972691,-0.0001222362407691,sol,long_only,with_cost,,XGBoost
table12_feasible,,0.1716596622671884,0.5776419974720531,0.0540120636081155,0.0024115258564441,0.0497477929370663,0.5441417964423532,0.1356603094638359,0.0006851059069271,sol,long_only,no_cost,,GRU
table12_feasible,,0.1707625772667318,0.5748479048539532,0.0204761036118205,0.0019645774142902,0.0080905666908416,0.5284011237223899,0.0674631692418253,0.0001536604480649,sol,long_only,no_cost,,LightGBM
table12_feasible,,0.1418961868682774,0.5656584955736229,0.0471543232396935,0.0015822321089174,0.0789929282040728,0.562373455482881,0.0559647862019403,0.0009673838061775,sol,long_only,no_cost,,Logistic Regression
table12_feasible,,0.0257074422744707,0.5293862502710909,0.4455192553385654,0.0002286148003193,0.0033102230689589,0.529253112033195,0.4584007187780772,7.485637338069591e-05,sol,long_only,no_cost,,RSI
table12_feasible,,0.0363588261391194,0.5225225225225225,0.0637713029136888,0.0005846766001948,0.008562668962994,0.5495750708215298,0.0349801658853227,0.0002311568864459,sol,long_only,no_cost,,SMA
table12_feasible,,0.0521981301437025,0.5255707427351786,0.190213425757023,0.0005486675316083,0.0046903192313855,0.5112469606445752,0.2730865971972691,8.020820453214639e-05,sol,long_only,no_cost,,XGBoost
table12_feasible,,0.0173204731127635,0.5413824403004549,0.0266397293741777,0.0002319431449222,-0.0647891080666915,0.5087437090537121,0.0214433183183183,-0.0002442647227142,sol,short_only,with_cost,,GRU
table12_feasible,,0.0791462642569201,0.5404516775048895,0.0296737296081005,0.0008433138891525,-0.0164210887512124,0.4966235073585322,0.079651815799326,-0.0001632807667149,sol,short_only,with_cost,,LightGBM
table12_feasible,,0.0426991800308174,0.542377537523177,0.0255015938496156,0.0003117195417009,0.0284614612043468,0.5359948102953751,0.1646387120928491,0.0002622290853787,sol,short_only,with_cost,,Logistic Regression
table12_feasible,,-0.0154622676812835,0.5138489208633094,0.5361231000187653,-0.0003418288368076,-0.0048251716500708,0.5081189563948184,0.5219265367316341,-9.28359365062582e-06,sol,short_only,with_cost,,RSI
table12_feasible,,-0.0141939828696383,0.494593915011315,0.3757402101241642,-0.000162418978513,-0.0095915344225347,0.4858003442340792,0.4310805651011836,-7.72503165966365e-05,sol,short_only,with_cost,,SMA
table12_feasible,,0.0045976180921782,0.5149892893878408,0.0712544534033377,4.4194829606066736e-05,-0.0123736336437745,0.4937208080795706,0.1253275926619243,-9.548076862884994e-05,sol,short_only,with_cost,,XGBoost
table12_feasible,,0.0397343288126185,0.5413824403004549,0.0266397293741777,0.0004089362554516,-0.0359735167924332,0.5087437090537121,0.0214433183183183,-4.8585536388151624e-05,sol,short_only,no_cost,,GRU
table12_feasible,,0.113807621009665,0.5404516775048895,0.0296737296081005,0.0011428005277833,0.0042700403977242,0.4966235073585322,0.079651815799326,7.966571681973641e-05,sol,short_only,no_cost,,LightGBM
table12_feasible,,0.0742489026956037,0.542377537523177,0.0255015938496156,0.000564326122764,0.0582039234859587,0.5359948102953751,0.1646387120928491,0.0004543756187139,sol,short_only,no_cost,,Logistic Regression
table12_feasible,,-0.0146954787738286,0.5138489208633094,0.5361231000187653,-0.0002815230814119,0.0010404957702192,0.5081189563948184,0.5219265367316341,4.8570812479642366e-05,sol,short_only,no_cost,,RSI
table12_feasible,,-0.0140371062554257,0.494593915011315,0.3757402101241642,-0.0001587227250556,-0.0093835695048456,0.4858003442340792,0.4310805651011836,-7.348525635567266e-05,sol,short_only,no_cost,,SMA
table12_feasible,,0.0341796458099053,0.5149892893878408,0.0712544534033377,0.00033482117152,0.0125813881168087,0.4937208080795706,0.1253275926619243,0.0001525453795257,sol,short_only,no_cost,,XGBoost
table12_feasible,,0.0919704847625898,0.7318453463311926,0.1957340177184781,0.0010335336572482,0.0556281906555914,0.5505367999617921,0.2279720740441773,0.0007546973412321,sol,long_short,with_cost,,GRU
table12_feasible,,0.1168976903268528,0.6123719353707723,0.0291300713249156,0.0011147646772056,-0.0115827787037923,0.5190636156067795,0.0812395328754984,-0.0001069505905911,sol,long_short,with_cost,,LightGBM
table12_feasible,,0.0811337263691076,0.7311105761015315,0.0208129542892125,0.0008922966104864,0.0311354623929761,0.608454200724063,0.0946298093616199,0.0003672591538879,sol,long_short,with_cost,,Logistic Regression
table12_feasible,,-0.0083655410026269,0.5216175855672001,0.4908211776786654,-0.0001570667081288,-0.0061335706328084,0.5186860342140067,0.4901636277548556,-4.208092972566988e-05,sol,long_short,with_cost,,RSI
table12_feasible,,-0.0158578164186436,0.5391544702513522,0.1477505696824376,-0.000201735260323,-0.0120666606194179,0.4382756036530376,0.1570966797554948,-0.0001144359725975,sol,long_short,with_cost,,SMA
table12_feasible,,0.0210384356216537,0.5202105380335758,0.1481463883334189,0.000233600016013,-0.0133181907334334,0.5019693425814258,0.2041082215079977,-0.0001289700671016,sol,long_short,with_cost,,XGBoost
table12_feasible,,0.109612270367259,0.7318453463311926,0.1957340177184781,0.0011679230003234,0.0673293849082641,0.5505367999617921,0.2279720740441773,0.0008717664070303,sol,long_short,no_cost,,GRU
table12_feasible,,0.1607107753359453,0.6123719353707723,0.0291300713249156,0.0014042667891791,0.0073013341707017,0.5190636156067795,0.0812395328754984,0.0001296797319655,sol,long_short,no_cost,,LightGBM
table12_feasible,,0.1110126307626856,0.7311105761015315,0.0208129542892125,0.0011354093084494,0.0578487825924489,0.608454200724063,0.0946298093616199,0.0005477613361572,sol,long_short,no_cost,,Logistic Regression
table12_feasible,,-0.0061989428132489,0.5216175855672001,0.4908211776786654,-5.0253218796411634e-05,0.002222981026091,0.5186860342140067,0.4901636277548556,6.087024006367091e-05,sol,long_short,no_cost,,RSI
table12_feasible,,-0.0154354676265769,0.5391544702513522,0.1477505696824376,-0.0001907943412858,-0.0114818854090414,0.4382756036530376,0.1570966797554948,-0.0001031620317965,sol,long_short,no_cost,,SMA
table12_feasible,,0.0699292845895475,0.5202105380335758,0.1481463883334189,0.0004940966733439,0.0075561919502747,0.5019693425814258,0.2041082215079977,0.0001068572716694,sol,long_short,no_cost,,XGBoost
